地區縣市,主管機關文件單位代碼,主管機關文件單位代碼,電子郵件,短期補習班類別,地址,立案時間,各地短期補習班數量
桃園市政府,私立華蓮語文數學技藝文理短期補習班,,youlimay@yahoo.com.tw,文理類,中壢區,2019-02-01,1296
桃園市政府,私立泥禾藝術美術美語短期補習班,,a0922930769@gmail.com,外語類,中壢區,2017-01-17,1296
桃園市政府,私立白馬語文短期補習班,,mica_tseng@yahoo.com.tw,外語類,中壢區,2016-01-30,1296
桃園市政府,私立柏德美語短期補習班,,,外語類,中壢區,2002-07-04,1296
桃園市政府,私立山瀨日語短期補習班,62,yamasetw@gmail.com,外語類,中壢區,1997-03-20,1296
桃園市政府,私立黃秋芳語文短期補習班,,Joy.hi5877@msa.hinet.net,其他類,中壢區,2005-06-03,1296
桃園市政府,私立千千美語短期補習班,,a911213973@yahoo.com.tw,外語類,中壢區,2002-09-09,1296
桃園市政府,私立創思學習文理數學語文短期補習班,,shachima2016@gmail.com,文理類,中壢區,2018-05-23,1296
桃園市政府,新東海國際科技有限公司附設私立大東海法商短期補習班,245,a4227486@yahoo.com.tw,法政類,中壢區,1993-11-26,1296
桃園市政府,私立頂尖資優數學語文文理短期補習班,,shuchen@topmathbest.com.tw,文理類,中壢區,2021-12-14,1296
桃園市政府,私立晴和語文文理短期補習班,,madlyg@hotmail.com,文理類,中壢區,2015-10-21,1296
桃園市政府,巨匠電腦股份有限公司中壢分公司附設私立巨匠電腦短期補習班,361,allen.tsai@pcschool.com.tw,資訊類,中壢區,1997-07-21,1296
桃園市政府,私立洪明升學文理短期補習班,,always.homean@msa.hinet.net,文理類,中壢區,2000-07-06,1296
桃園市政府,私立赫成文理短期補習班,,hc4225500@gmail.com,文理類,中壢區,2021-04-26,1296
桃園市政府,私立昊鼎文理短期補習班,,hsiuhui5691@hotmail.com,文理類,中壢區,2006-01-18,1296
桃園市政府,私立英代語文短期補習班中壢分班,,eva@egl.com.tw,外語類,中壢區,2005-12-15,1296
桃園市政府,私立埼安語文文理短期補習班,,hsingli.mail@hotmail.com,文理類,中壢區,2012-07-05,1296
桃園市政府,私立擊韻音樂短期補習班,,jhongli.meiling@gmail.com,音樂、舞蹈類,中壢區,2000-01-18,1296
桃園市政府,私立國語週報語文短期補習班,,,外語類,中壢區,1996-01-23,1296
桃園市政府,私立三元文理短期補習班,,master1@3dollars.com.tw,文理類,中壢區,2004-06-04,1296
桃園市政府,私立奇想音樂短期補習班,,fantasy.music@msa.hinet.net,音樂、舞蹈類,中壢區,2018-09-25,1296
桃園市政府,私立佳安語文文理數學短期補習班,,BB035@joy.com.tw,文理類,中壢區,2019-10-07,1296
桃園市政府,私立聖堡登英語會話短期補習班,74,summerhs@ms27.hinet.net,外語類,中壢區,1998-12-28,1296
桃園市政府,私立樂禾音樂短期補習班,,g705000@gmail.com,音樂、舞蹈類,中壢區,2008-10-06,1296
桃園市政府,私立華秀文理美語短期補習班,,,文理類,中壢區,2005-09-28,1296
桃園市政府,私立敦煌舞蹈短期補習班,,dance4205920@yahoo.com.tw,音樂、舞蹈類,中壢區,2001-10-29,1296
桃園市政府,私立文傑語文珠算短期補習班,,addwin.wjg@gmail.com,外語類,中壢區,2001-06-20,1296
桃園市政府,私立建智文理美語數學短期補習班,,jian_zhi_168@yahoo.com,文理類,中壢區,1998-11-23,1296
桃園市政府,私立人仁數學語文短期補習班,,a4163189@gmail.com,文理類,中壢區,2010-12-14,1296
桃園市政府,私立美昇語文珠算文理短期補習班,,addwin.wjg@gmail.com,文理類,中壢區,2003-11-27,1296
桃園市政府,高點數位科技股份有限公司附設私立高點文理短期補習班,,judy@mail.get.com.tw,文理類,中壢區,2010-03-16,1296
桃園市政府,高點數位科技股份有限公司附設私立來勝文理短期補習班,,judy@mail.get.com.tw,文理類,中壢區,2011-08-11,1296
桃園市政府,志光教育科技股份有限公司附設私立正志光文理法商短期補習班,,moumi0920@hotmail.com,文理類,中壢區,2015-01-12,1296
桃園市政府,巨匠電腦股份有限公司中壢美語分公司附設私立巨二美語短期補習班,,Kate.chang@pcschool.com.tw,外語類,中壢區,2013-05-01,1296
桃園市政府,菁英國際文教事業有限公司桃園分公司附設私立菁英國際英日語短期補習班中壢分班,,accountant@language-center.com.tw,外語類,中壢區,2013-01-10,1296
桃園市政府,私立思路文理短期補習班,,Mathway1978@gmail.com,文理類,中壢區,2017-08-23,1296
桃園市政府,私立金學堂英語短期補習班,,ge6f138@gmail.com,外語類,中壢區,2012-08-17,1296
桃園市政府,私立妍囍美容美髮短期補習班,,janeaa@yahoo.com.com,美容、美髮理髮類,中壢區,2013-10-17,1296
桃園市政府,高明一對一學習有限公司附設私立高銘一對一文理數學語文電腦短期補習班,,022.km101@gmail.com,文理類,中壢區,2021-10-08,1296
桃園市政府,戴爾美語教育科技事業股份有限公司附設私立戴爾語文短期補習班,,dukechu52@yahoo.com.tw,外語類,中壢區,2015-03-31,1296
桃園市政府,赫連電腦有限公司附設私立赫連技藝短期補習班,,annie@appedu.tw,資訊類,中壢區,2022-07-22,1296
桃園市政府,赫達電腦有限公司附設私立赫綵電腦短期補習班,,grace@appedu.com.tw,電機、汽車修護、建築、工藝、製圖類,中壢區,2017-01-17,1296
桃園市政府,私立朝和語文短期補習班,,asawajp@hotmail.com,外語類,中壢區,2003-04-08,1296
桃園市政府,萌客股份有限公司附設私立萌客外語短期補習班,,mkreversal@gmail.com,外語類,中壢區,2019-08-21,1296
桃園市政府,私立勁捷法商短期補習班,,,法政類,中壢區,2013-12-23,1296
桃園市政府,私立偉文文理短期補習班,,taipei101@way-to-win.com,文理類,中壢區,2017-09-15,1296
桃園市政府,私立考上文理短期補習班,,waytowinsecret@gmail.com,文理類,中壢區,2021-09-30,1296
桃園市政府,驅勢文教事業有限公司附設私立叄壹語文短期補習班,,service@wkedu.com.tw,外語類,中壢區,2013-03-04,1296
桃園市政府,私立興儒數學語文文理短期補習班,,chiuchihfeng@hotmail.com,文理類,中壢區,2012-04-18,1296
桃園市政府,私立欣明英語會話短期補習班,11,,外語類,中壢區,1984-08-14,1296
桃園市政府,私立國鉅語文數學文理短期補習班,,amy65124@yahoo.com.tw,文理類,中壢區,2011-03-02,1296
桃園市政府,私立躍騰文理短期補習班龍岡分班,,Superlucky229@gmail.com,文理類,中壢區,2018-11-05,1296
桃園市政府,私立聯成電腦短期補習班,,,資訊類,中壢區,2003-11-26,1296
桃園市政府,私立范姜美術短期補習班,,fanccj@yahoo.com.tw,美術、書法、攝影、美工設計、圍棋類,中壢區,2015-03-19,1296
桃園市政府,私立奇飛美語珠算短期補習班,,34006dd@giraffe.com.tw,外語類,中壢區,2006-01-05,1296
桃園市政府,私立申橋語文短期補習班,,sj.sj1512@msa.hinet.net,外語類,中壢區,2003-08-26,1296
桃園市政府,私立葛洛莉英語會話短期補習班,34,,外語類,中壢區,1993-02-01,1296
桃園市政府,真善美文化藝術有限公司附設私立地球村語文短期補習班,,,外語類,中壢區,2003-01-14,1296
桃園市政府,私立冠騰文理短期補習班,,Guantengschool@gmail.com,文理類,中壢區,2019-04-09,1296
桃園市政府,私立學匯語文文理短期補習班,,sharewell2010@yahoo.com.tw,文理類,中壢區,2010-07-28,1296
桃園市政府,私立學匯語文文理數學短期補習班大崙分班,,sharewe112010@yahoo.com.tw,文理類,中壢區,2021-09-01,1296
桃園市政府,私立碩成文理語文數學美術短期補習班,,a0920231915@gmail.com,文理類,中壢區,2019-06-26,1296
桃園市政府,私立貝爾美語文理短期補習班,,bear.live.abc@gmail.com,外語類,中壢區,2000-07-07,1296
桃園市政府,私立百音音樂短期補習班,,yamaha.musical@msa.hinet.net,音樂、舞蹈類,中壢區,2010-11-24,1296
桃園市政府,私立羅碁文理數學圍棋短期補習班,,Lologigi672@gmail.com,文理類,中壢區,2018-05-16,1296
桃園市政府,私立美地美術短期補習班,,med98176@gmail.com,美術、書法、攝影、美工設計、圍棋類,中壢區,2009-12-24,1296
桃園市政府,私立何嘉仁樂福美語短期補習班,,hs2234@hess.com.tw,外語類,中壢區,2021-04-26,1296
桃園市政府,私立卡爾維特語文珠心算數學文理短期補習班,,wahahahelen@yahoo.com.tw,文理類,中壢區,2007-08-08,1296
桃園市政府,私立方華文理短期補習班龍岡分班,,g18250710@yahoo.com,文理類,中壢區,2022-03-10,1296
桃園市政府,私立成果文理語文短期補習班龍岡分班,,fashion4580923@gmail.com,文理類,中壢區,2015-08-06,1296
桃園市政府,私立健鷹文理短期補習班,,allyliu@hotmail.com,文理類,中壢區,2003-03-17,1296
桃園市政府,私立大綠蒂語文數學短期補習班,,green.bean4666767@gmail.com,文理類,中壢區,2007-01-23,1296
桃園市政府,私立育群語文文理短期補習班,,d038458@hotmail.com,文理類,中壢區,2013-02-06,1296
桃園市政府,私立梓琦美語文理短期補習班,,leo@aeneas.com.tw,外語類,中壢區,2006-07-18,1296
桃園市政府,私立內立文城文理短期補習班,,neiliwinchamp@gmail.com,文理類,中壢區,2019-11-18,1296
桃園市政府,私立古老師文理短期補習班,,ku.teacher@msa.hinet.net,文理類,中壢區,2010-06-23,1296
桃園市政府,私立興儒數學語文文理短期補習班內壢分班,,kayinortin@hotmail.com,文理類,中壢區,2020-05-28,1296
桃園市政府,私立秝沄舞蹈短期補習班,,liyunwushu@gmail.com,音樂、舞蹈類,中壢區,2015-10-08,1296
桃園市政府,私立米席美術短期補習班,,mishiart123@gmail.com,美術、書法、攝影、美工設計、圍棋類,中壢區,2014-01-06,1296
桃園市政府,社團法人中國青年救國團桃園縣團務指導委員會附設私立語文技藝短期補習班中壢分班,,,外語類,中壢區,2002-08-01,1296
桃園市政府,私立名城美容美髮短期補習班,,ccyeh36@gmail.com,美容、美髮理髮類,中壢區,2012-10-12,1296
桃園市政府,私立興儒思塾數學語文文理短期補習班,,salashsu@hotmail.com,文理類,中壢區,2020-01-10,1296
桃園市政府,私立幸福日光美語短期補習班,,hs2219@hess.com.tw,外語類,中壢區,2017-12-26,1296
桃園市政府,私立和陽美語珠算短期補習班,,hoyoung_class@yahoo.com.tw,外語類,中壢區,2005-08-04,1296
桃園市政府,私立風山雲水美術短期補習班,,g9307131@yahoo.com.tw,美術、書法、攝影、美工設計、圍棋類,中壢區,2004-05-24,1296
桃園市政府,私立活用美語珠心算短期補習班,,,外語類,中壢區,2001-04-02,1296
桃園市政府,私立承聖語文文理短期補習班,,chengsen2005@gmail.com,文理類,中壢區,2005-03-23,1296
桃園市政府,私立達達美語文理短期補習班,,skyinjohn@yahoo.com.tw,文理類,中壢區,2007-01-23,1296
桃園市政府,私立動象美術短期補習班,,Peggy033@yahoo.com.tw,美術、書法、攝影、美工設計、圍棋類,中壢區,2008-01-10,1296
桃園市政府,私立凱伊英語短期補習班,,kayliu0702@gmail.com,外語類,中壢區,2015-03-24,1296
桃園市政府,私立吉多語文文理短期補習班,,eileen04110224@yahoo.com.tw,文理類,中壢區,2012-09-25,1296
桃園市政府,私立盛彬文理語文短期補習班,,lwhite01@ms32.hinet.net,文理類,中壢區,2007-05-02,1296
桃園市政府,品宏事業有限公司附設私立品宏文理短期補習班,,kimolee@meikoschool.com.tw,文理類,中壢區,2022-07-01,1296
桃園市政府,私立原選製菓烘焙短期補習班,,wulala1833@gmail.com,家政、插花、烹飪類,中壢區,2021-04-06,1296
桃園市政府,私立育大語文文理美術短期補習班,,mini.vicky@msa.hinet.net,文理類,中壢區,2017-03-02,1296
桃園市政府,私立寶貝熊音樂短期補習班,,baby_bear5858@yahoo.com.tw,音樂、舞蹈類,中壢區,2006-07-25,1296
桃園市政府,私立謝在棋美術短期補習班,,k771014cool@hotmail.com,美術、書法、攝影、美工設計、圍棋類,中壢區,2014-04-15,1296
桃園市政府,私立恆心數學美語文理短期補習班,,,文理類,中壢區,2015-02-13,1296
桃園市政府,私立文淵文理短期補習班,,h2840158@yahoo.com.tw,文理類,中壢區,2016-12-06,1296
桃園市政府,私立百合精緻美語短期補習班,,bravo4685958@gmail.com,外語類,中壢區,2004-01-07,1296
桃園市政府,私立金赫文理短期補習班,,Kristina850302@gmail.com,文理類,中壢區,2022-05-03,1296
桃園市政府,私立祥鼎文理美語短期補習班,,homeanalways@gmail.com,文理類,中壢區,2000-10-09,1296
桃園市政府,私立方華文理短期補習班,,fanghuaclass@gmail.com,文理類,中壢區,2004-05-13,1296
桃園市政府,私立崴文文理短期補習班,,Richard.shyng@msa.hinet.net,文理類,中壢區,2009-07-21,1296
桃園市政府,碩騏文教事業有限公司附設私立碩騏文理短期補習班,,dsjhs@meikoschool.com.tw,文理類,中壢區,2019-11-01,1296
桃園市政府,私立興儒語文文理短期補習班東興分班,,tt014@yahoo.com.tw,文理類,中壢區,2015-04-15,1296
桃園市政府,朝陽富元教育股份有限公司附設私立朝揚文理語文短期補習班東興分班,,jy3169958@gmail.com,文理類,中壢區,2003-06-17,1296
桃園市政府,私立飛騰文理語文短期補習班,,feitengliaoyu@hotmail.com,文理類,中壢區,2018-03-15,1296
桃園市政府,私立史蒂文語文文理短期補習班,,steven761119@hotmail.com,文理類,中壢區,2018-10-29,1296
桃園市政府,劉氏教育事業股份有限公司附設私立劉氏延平作文文理短期補習班,,lydia.wang@liueducation.com,文理類,中壢區,2019-07-16,1296
桃園市政府,私立回藝美術短期補習班,,a0916207703@gmail.com,美術、書法、攝影、美工設計、圍棋類,中壢區,2015-06-24,1296
桃園市政府,私立昇宏文理短期補習班,,hsenghun@yahoo.com.tw,文理類,中壢區,2000-09-21,1296
桃園市政府,私立新驛文理數學語文音樂短期補習班,,newstation2018@gmail.com,文理類,中壢區,2018-04-27,1296
桃園市政府,私立樂琴音樂短期補習班,,coobra1694@gmail.com,音樂、舞蹈類,中壢區,2015-11-27,1296
桃園市政府,私立英文館兒童美語短期補習班,87,englishlab20190301@gmail.com,外語類,中壢區,1998-10-09,1296
桃園市政府,私立義華文理短期補習班,,yihua200701@gmail.com,文理類,中壢區,2021-12-29,1296
桃園市政府,私立自強誠功文理短期補習班,,peng4251201@gmail.com,文理類,中壢區,2015-01-27,1296
桃園市政府,私立築科文理短期補習班,,jason60188@hotmail.com,文理類,中壢區,2017-01-19,1296
桃園市政府,私立實力建築土木及都市短期補習班,,shili305@yahoo.com.tw,電機、汽車修護、建築、工藝、製圖類,中壢區,2008-09-30,1296
桃園市政府,私立鴻範文理短期補習班,,cheng2074@yahoo.com.tw,文理類,中壢區,2013-03-25,1296
桃園市政府,私立德川語文短期補習班,,mbstar1214@gmail.com,外語類,中壢區,2011-01-24,1296
桃園市政府,私立方華內歷數學語文文理短期補習班,,,文理類,中壢區,2021-03-31,1296
桃園市政府,私立學聖文理語文數學短期補習班,,small.rain.y2k.5@yahoo.com.tw,文理類,中壢區,2014-03-27,1296
桃園市政府,私立育成語文文理短期補習班,,yu _chen1314@yahoo.com.tw,文理類,中壢區,2009-09-02,1296
桃園市政府,私立拓宇文理語文短期補習班內壢復華分班,,tact.tynl@gmail.com,文理類,中壢區,2021-09-28,1296
桃園市政府,私立依仕倫文理短期補習班,,easy_learntw@yahoo.com.tw,文理類,中壢區,2007-04-26,1296
桃園市政府,私立集陶美術短期補習班,,Wjs827@yahoo.com.tw,美術、書法、攝影、美工設計、圍棋類,中壢區,2011-06-21,1296
桃園市政府,私立學冠美語文理短期補習班,,4514107@gmail.com,文理類,中壢區,2008-01-30,1296
桃園市政府,朝陽富元教育股份有限公司附設私立朝揚文理語文短期補習班林森分班,,jy3169958@gmail.com,文理類,中壢區,2006-12-27,1296
桃園市政府,私立碩士品質美語文理短期補習班,,f0935819475@gmail.com,文理類,中壢區,2007-08-27,1296
桃園市政府,私立內立文城文理短期補習班忠孝分班,,maud1014@yahoo.com.tw,文理類,中壢區,2011-07-22,1296
桃園市政府,私立旋轉木馬美語短期補習班,,machilus1121@gmail.com,外語類,中壢區,2006-10-02,1296
桃園市政府,私立富竑音樂短期補習班,,,音樂、舞蹈類,中壢區,2002-06-05,1296
桃園市政府,私立喬加優美語數學短期補習班,,kelly69620@yahoo.com,外語類,中壢區,2000-06-27,1296
桃園市政府,私立光華英語會話短期補習班,10,,外語類,中壢區,1984-05-15,1296
桃園市政府,私立海華語文文理音樂短期補習班,,,文理類,中壢區,2014-12-10,1296
桃園市政府,私立亞勒芬美語短期補習班,,xinjie.ty@eagletw.com,外語類,中壢區,2015-02-06,1296
桃園市政府,私立大安美語短期補習班,,gloria@glo.com.tw ,外語類,中壢區,2006-02-20,1296
桃園市政府,私立致廷美語短期補習班,,,外語類,中壢區,2006-06-12,1296
桃園市政府,私立修博美語短期補習班,,,外語類,中壢區,2004-02-15,1296
桃園市政府,私立新諾奧美語文理短期補習班,,,外語類,中壢區,2015-06-18,1296
桃園市政府,私立小作家創意作文語文短期補習班,,tsy132132@yahoo.com.tw,外語類,中壢區,2000-12-08,1296
桃園市政府,私立威佛文理語文數學短期補習班,,ns0931139866@icloud.com,文理類,中壢區,2007-08-29,1296
桃園市政府,私立知新數學語文短期補習班,,yuchun3151@gmail.com,外語類,中壢區,2021-10-18,1296
桃園市政府,私立易立語文心算美術短期補習班,,aalliiccee0311@gmail.com,外語類,中壢區,2018-03-01,1296
桃園市政府,私立名揚文理短期補習班,,ssssun2@gmail.com,文理類,中壢區,2014-05-16,1296
桃園市政府,私立建展美語短期補習班,,sesboss2003@yahoo.com.tw,外語類,中壢區,2007-04-10,1296
桃園市政府,私立元生語文數學短期補習班,,kulo9898@yahoo.com.tw,文理類,中壢區,2008-09-23,1296
桃園市政府,私立巧圓珠心算數學短期補習班,,A0982696236@gmail.com,商類：珠算、心算、會計,中壢區,2021-04-23,1296
桃園市政府,私立昱強文理語文技藝短期補習班,,a134.a134@msa.hinet.net,文理類,中壢區,2007-04-10,1296
桃園市政府,私立文智語文數學短期補習班,,wg6007@yahoo.com.tw,外語類,中壢區,2008-07-31,1296
桃園市政府,私立蒙特利英語文理短期補習班,,BB101@joy.com.tw,文理類,中壢區,2020-05-19,1296
桃園市政府,私立向品語文文理短期補習班,,xiangpincramschool@gmail.com,文理類,中壢區,2015-12-29,1296
桃園市政府,私立育頎文理短期補習班,,guan_cen98@yahoo.com.tw,文理類,中壢區,2015-09-09,1296
桃園市政府,私立奕軒數學短期補習班,,b1042.tw@yahoo.com.tw,文理類,中壢區,2009-10-26,1296
桃園市政府,私立山谷音樂短期補習班,,yamaha.valley@msa.hinet.net,音樂、舞蹈類,中壢區,2008-10-29,1296
桃園市政府,私立侑蕎語文文理短期補習班,,yur977@yahoo.com.tw,文理類,中壢區,2016-07-13,1296
桃園市政府,私立菁英美語短期補習班,,a2811319@hotmail.com,外語類,中壢區,2008-03-20,1296
桃園市政府,私立育閎語文文理短期補習班,,,文理類,中壢區,2017-04-06,1296
桃園市政府,百世教育科技股份有限公司附設私立百世文理短期補習班新明分班,,,文理類,中壢區,2013-12-21,1296
桃園市政府,私立廣億音樂短期補習班,,natural@ms4.hinet.net,音樂、舞蹈類,中壢區,2009-07-22,1296
桃園市政府,私立向品語文文理短期補習班中壢新生分班,,xpchungli@gmail.com,文理類,中壢區,2018-10-01,1296
桃園市政府,私立拓德數學文理語文短期補習班,,tfc063@gmail.com,文理類,中壢區,2020-04-08,1296
桃園市政府,台灣知識庫股份有限公司附設私立大碩百官網龍門甄戰文理短期補習班,,2417@tkb.com.tw,文理類,中壢區,2007-11-08,1296
桃園市政府,私立哈佛文理短期補習班,159,nelson431105@hotmail.com,文理類,中壢區,1997-08-14,1296
桃園市政府,台灣知識庫股份有限公司附設私立洋碩數位學堂文理語文短期補習班,,max90t@yahoo.com.tw,文理類,中壢區,2015-01-14,1296
桃園市政府,私立勵德語文文理短期補習班,,mettle@ldclass.com.tw,文理類,中壢區,2016-01-14,1296
桃園市政府,私立布羅卡美語短期補習班,,,外語類,中壢區,2005-09-23,1296
桃園市政府,私立長林美語短期補習班中壢分班,,1652kq@gmail.com,外語類,中壢區,2012-02-02,1296
桃園市政府,私立日立文理短期補習班,,badhunter09@yahoo.com.tw,文理類,中壢區,2015-10-08,1296
桃園市政府,私立志意美術短期補習班,,chihyiart@gmail.com,美術、書法、攝影、美工設計、圍棋類,中壢區,2019-09-23,1296
桃園市政府,私立掄元語文文理短期補習班中平分班,,jordan_chongping@yahoo.com.tw,文理類,中壢區,2017-09-15,1296
桃園市政府,私立文緯文理短期補習班,,johnny301099@yahoo.com.tw,文理類,中壢區,2020-10-22,1296
桃園市政府,私立掄元語文文理短期補習班,,jordan_ chongping@yahoo.com.tw,文理類,中壢區,2010-01-21,1296
桃園市政府,私立嶺先語文文理數學短期補習班,,sharewe112010@yahoo.com.tw,文理類,中壢區,2021-09-06,1296
桃園市政府,私立朵兒英文短期補習班,,doorenglishplay@gmail.com,外語類,中壢區,2017-12-15,1296
桃園市政府,私立喬安娜語文文理短期補習班,,chiujoanne2013@gmail.com,文理類,中壢區,2009-09-11,1296
桃園市政府,私立綠光語文文理短期補習班,,hamasakibest@hotmail.com,文理類,中壢區,2011-05-19,1296
桃園市政府,私立英普力美語短期補習班,,simply.english216@gmail.com,外語類,中壢區,2002-07-18,1296
桃園市政府,私立藝典美術短期補習班,,adotstudio01@gmail.com,美術、書法、攝影、美工設計、圍棋類,中壢區,2021-09-11,1296
桃園市政府,私立瑞吉歐文理短期補習班,,reggioscience@gmail.com,文理類,中壢區,2016-06-20,1296
桃園市政府,私立玥荷音樂短期補習班,,yuehomusic2010@gmail.com,音樂、舞蹈類,中壢區,2010-11-10,1296
桃園市政府,私立玥荷文理數學短期補習班睿思分班,,yuehoeducation@gmail.com,文理類,中壢區,2018-03-27,1296
桃園市政府,私立星星語文文理短期補習班,,amanda.sheng@gmail.com,文理類,中壢區,2013-06-04,1296
桃園市政府,私立全勝文理短期補習班,120,,文理類,中壢區,1989-06-09,1296
桃園市政府,私立育欣語文數學短期補習班,,shane.ty5@msa.hinet.net,外語類,中壢區,2007-03-15,1296
桃園市政府,私立龍老師文理短期補習班,,teacherlung2004@yahoo.com.tw,文理類,中壢區,2004-09-16,1296
桃園市政府,私立史丹佛數學美語文理短期補習班,415,,文理類,中壢區,2000-11-21,1296
桃園市政府,私立冠球語文珠算短期補習班,,,外語類,中壢區,2014-07-21,1296
桃園市政府,私立文森語文文理短期補習班,,cy541112@yahoo.com.tw,文理類,中壢區,2007-11-08,1296
桃園市政府,私立蔣化文理短期補習班,,Jeff58824@yahoo.com.tw,文理類,中壢區,2017-09-20,1296
桃園市政府,私立愛默生美語珠心算短期補習班,,christina20079282@yahoo.com.tw,外語類,中壢區,2008-03-13,1296
桃園市政府,私立科喬美語文理短期補習班,,S122355662@gmail.com,文理類,中壢區,2006-06-20,1296
桃園市政府,私立弘盛文理英語短期補習班,,Cathy11@mail.apol.com.tw,文理類,中壢區,2004-06-10,1296
桃園市政府,私立一信文理語文數學短期補習班,,ishin147@gmail.com,文理類,中壢區,2007-05-21,1296
桃園市政府,私立哲宥文理短期補習班自強分班,,jy3071313@gmail.com,文理類,中壢區,2015-10-08,1296
桃園市政府,私立金牌躍騰文理短期補習班,,Super4638350@gmail.com,文理類,中壢區,2018-05-16,1296
桃園市政府,私立江華文理短期補習班,,kianghwuan@gmail.com,文理類,中壢區,2008-07-14,1296
桃園市政府,私立晴天美術短期補習班,,aming50@gmail.com,美術、書法、攝影、美工設計、圍棋類,中壢區,2009-10-15,1296
桃園市政府,私立名研烹飪調酒短期補習班,,ming-yan2007@hotmail.com,家政、插花、烹飪類,中壢區,2001-12-12,1296
桃園市政府,私立春天英語會話短期補習班,,gloria@glo.com.tw,外語類,中壢區,2004-08-04,1296
桃園市政府,私立喜樂語文數學短期補習班,,joykidsjoy.hotmail.com,文理類,中壢區,2009-08-14,1296
桃園市政府,私立美美育育音樂短期補習班,,Chunglil@Kidsmusic.com.tw,音樂、舞蹈類,中壢區,2011-06-08,1296
桃園市政府,私立最好的文理短期補習班,,,文理類,中壢區,2003-02-20,1296
桃園市政府,私立鵬遠文理數學美語短期補習班,,reginhung@gmail.com,文理類,中壢區,2021-03-18,1296
桃園市政府,私立逗點教室文理語文短期補習班青埔分班,,huangnini0527@gmail.com,文理類,中壢區,2018-12-20,1296
桃園市政府,私立北一文理美語短期補習班,,peii.qingpu@gmail.com,文理類,中壢區,2019-04-15,1296
桃園市政府,私立劉虹文理數學短期補習班,,hubertwife@gmail.com,文理類,中壢區,2018-02-06,1296
桃園市政府,私立大衛美語會話短期補習班,7,,外語類,中壢區,1990-05-01,1296
桃園市政府,私立鳳橋文裡語文數學短期補習班,,feitengjiaoyu@hotmail.com,文理類,中壢區,2018-09-10,1296
桃園市政府,私立英格斯堡美語數學文理短期補習班,,Jackysct@gmail.com,文理類,中壢區,2014-12-31,1296
桃園市政府,私立佳瑞英語短期補習班,,paratroops@hotmail.com,外語類,中壢區,2009-05-18,1296
桃園市政府,私立小珠子珠心算語文文理短期補習班,,kueilin6077@gmail.com,文理類,中壢區,2004-09-15,1296
桃園市政府,私立群益烹飪調酒技藝短期補習班,,avan27@yahoo.com,家政、插花、烹飪類,中壢區,2021-11-30,1296
桃園市政府,私立鴻雁舞蹈短期補習班,321,,音樂、舞蹈類,中壢區,1985-02-06,1296
桃園市政府,私立喬依思美語數學文理短期補習班,,exmichen@yahoo.com,文理類,中壢區,2021-12-09,1296
桃園市政府,私立樂光音樂短期補習班,,clair.de.musique@gmail.com,音樂、舞蹈類,中壢區,2021-08-09,1296
桃園市政府,私立九華建築短期補習班,,,電機、汽車修護、建築、工藝、製圖類,中壢區,2003-06-09,1296
桃園市政府,私立新奧林匹克數學文理短期補習班,,1skm01@gmail.com,文理類,中壢區,2008-02-14,1296
桃園市政府,私立華盛頓語文文理短期補習班,,washedusch1993@gmail.com,文理類,中壢區,2013-10-11,1296
桃園市政府,私立陽昇美語短期補習班,94,,外語類,中壢區,1999-02-02,1296
桃園市政府,私立中立美語數學作文短期補習班,61,chungli@sesamevillage.tw,外語類,中壢區,1997-02-24,1296
桃園市政府,私立翱翔美語短期補習班,,Hsinyi.ty@eagletw.com,外語類,中壢區,2017-02-13,1296
桃園市政府,私立蘇荷美術短期補習班中原分班,,sohomary@sohoart.com.tw,美術、書法、攝影、美工設計、圍棋類,中壢區,2002-12-19,1296
桃園市政府,私立力成數學語文短期補習班,,p19670610@gmail.com,外語類,中壢區,2020-10-20,1296
桃園市政府,私立達文西美術美語數學文理短期補習班,,housefriend181888@yahoo.com.tw,文理類,中壢區,2000-10-13,1296
桃園市政府,私立蘋果樹美術短期補習班,,kiki.chuang.2006@gmail.com,美術、書法、攝影、美工設計、圍棋類,中壢區,2011-12-09,1296
桃園市政府,學生閣有限公司附設私立夏恩惟登文理語文短期補習班,,carol_1688@yahoo.com,文理類,中壢區,2016-04-12,1296
桃園市政府,私立睿瑪語文音樂美術短期補習班,,estc.tiskyo@gmail.com,外語類,中壢區,2013-10-16,1296
桃園市政府,私立學育文理數學語文短期補習班,,wuwei.math@gmail.com,文理類,中壢區,2012-08-07,1296
桃園市政府,威學文教有限公司附設私立雋立文理語文數學短期補習班,,eaa1213@gmail.com,文理類,中壢區,2021-11-25,1296
桃園市政府,私立泰文文理短期補習班,,yu1024v@yahoo.com.tw,文理類,中壢區,2006-03-29,1296
桃園市政府,私立史考特新世界美語短期補習班,,http://newworldenglish.com,外語類,中壢區,2015-03-06,1296
桃園市政府,私立逗點語文文理數學自然科學短期補習班,,commaclasscp@gmail.com,文理類,中壢區,2009-06-22,1296
桃園市政府,私立酷歐語文文理音樂數學短期補習班,,Cool2873253@gmail.com,文理類,中壢區,2019-12-03,1296
桃園市政府,私立詠浩語文文理短期補習班,,urperfect_yh@yahoo.com.tw,文理類,中壢區,2010-12-24,1296
桃園市政府,私立學育文理短期補習班高中分班,,Jaster.ku@msa.hinet.net,文理類,中壢區,2019-06-06,1296
桃園市政府,私立自強文理技藝短期補習班,,w68289@gmail.com,文理類,中壢區,2021-06-11,1296
桃園市政府,私立國興美語短期補習班,,yuenpatty@hotmail.com,外語類,中壢區,2006-01-17,1296
桃園市政府,私立企鵝家族語文數學科學短期補習班,,ivanchung1964@gmail.com,外語類,中壢區,2019-07-19,1296
桃園市政府,私立蘇菲雅美語短期補習班,,,外語類,中壢區,2006-12-26,1296
桃園市政府,私立成果文理語文短期補習班,,fashion4580923@gmail.com,文理類,中壢區,2009-08-19,1296
桃園市政府,私立汎迪爾英語短期補習班,446,frontiersy@yahoo.com.tw,外語類,中壢區,2001-02-12,1296
桃園市政府,朝陽富元教育股份有限公司附設私立朝揚文理短期補習班信義分班,,jy3573568@gmail.com,文理類,中壢區,2006-06-22,1296
桃園市政府,私立根元技藝短期補習班,,mpm4624607@gmail.com,其他類,中壢區,2006-01-25,1296
桃園市政府,私立橘諾美語文理短期補習班,,mj20091015@gmail.com,外語類,中壢區,2009-03-07,1296
桃園市政府,私立燈塔美語會話短期補習班,,lhacdemy@yahoo.com.tw,外語類,中壢區,2002-08-12,1296
桃園市政府,私立津煜美語電腦短期補習班,,,外語類,中壢區,2000-10-23,1296
桃園市政府,勝恩教育有限公司附設私立勝芯語文文理短期補習班,,nl4628805@meikoschool.com.tw,文理類,中壢區,2021-03-31,1296
桃園市政府,私立幸福瑞智技藝短期補習班,,happinessmontessori25@gmail.com,美容、美髮理髮類,中壢區,2022-05-31,1296
桃園市政府,私立齊勵美語短期補習班,,ginysc@gmail.com,外語類,中壢區,2016-09-14,1296
桃園市政府,私立英達語文數學短期補習班,,giraffe4514945@gmail.com,文理類,中壢區,2015-09-09,1296
桃園市政府,私立潮流舞蹈短期補習班,329,,音樂、舞蹈類,中壢區,1986-01-17,1296
桃園市政府,私立亘成文理語文珠心算短期補習班,,ssr525050@gmail.com,文理類,中壢區,2018-06-25,1296
桃園市政府,私立康翔語文文理短期補習班,,,文理類,中壢區,2014-07-09,1296
桃園市政府,私立關鍵學習語文短期補習班,,minianne0509@yahoo.com.tw,外語類,中壢區,2004-12-13,1296
桃園市政府,私立優立方語文數學短期補習班,,qingdakidcastle@gmail.com,外語類,中壢區,2020-07-03,1296
桃園市政府,私立秀明語文文理短期補習班,,leaderping@yahoo.com,文理類,中壢區,2016-01-22,1296
桃園市政府,私立彩曦文理語文短期補習班,,emily5168@hotmail.com.tw,文理類,中壢區,2019-06-14,1296
桃園市政府,私立興晟圍棋文理短期補習班,,hollyban@yahoo.com.tw,文理類,中壢區,2014-05-23,1296
桃園市政府,私立高明語文文理短期補習班,,mendy725@hotmail.com,文理類,中壢區,2012-01-11,1296
桃園市政府,私立艾貝思美語文理短期補習班,,chingliu2003@hotmail.com,文理類,中壢區,2020-01-02,1296
桃園市政府,私立彭老師美語文理短期補習班,,,外語類,中壢區,2001-07-06,1296
桃園市政府,私立力文文理短期補習班,191,,文理類,中壢區,1999-02-26,1296
桃園市政府,私立芙洛拉英語短期補習班,,flora921@yahoo.com,外語類,中壢區,2009-03-23,1296
桃園市政府,私立贏球美語文理短期補習班,,globa_b_k@yahoo.com.tw,文理類,中壢區,2007-09-27,1296
桃園市政府,私立愛加倍美語短期補習班,,,外語類,中壢區,2007-01-16,1296
桃園市政府,私立小小音樂家音樂短期補習班,,a0903028547@gmail.com,音樂、舞蹈類,中壢區,2012-12-06,1296
桃園市政府,私立柏克萊語文數學短期補習班,,h67168245@gmail.com,外語類,中壢區,2020-11-16,1296
桃園市政府,私立湯瑪士美語心算短期補習班,,,外語類,八德區,2006-04-24,1296
桃園市政府,私立琳恩語文數學文理短期補習班,,tw0983276700@gmail.com,外語類,八德區,2021-09-03,1296
桃園市政府,私立米克文創美術短期補習班,,maker.a8@msa.hinet.net,美術、書法、攝影、美工設計、圍棋類,八德區,2010-02-25,1296
桃園市政府,私立文言文理短期補習班,,s-school@yahoo.com.tw,文理類,八德區,2022-02-08,1296
桃園市政府,私立潔茜卡文理短期補習班,,ziliya@hotmail.com,文理類,八德區,2002-08-23,1296
桃園市政府,私立黃老師美語數學文理短期補習班,92,huang491219@yahoo.com.tw,文理類,八德區,1998-01-08,1296
桃園市政府,私立安翠詩舞蹈短期補習班,,viven6819@yahoo.com.tw,音樂、舞蹈類,八德區,2012-08-06,1296
桃園市政府,私立立人大成文理語文短期補習班,,kaikai721021@gmail.com,文理類,八德區,2005-03-23,1296
桃園市政府,私立瀚學文理美語短期補習班,,wang530813@gmail.com,文理類,八德區,2005-05-06,1296
桃園市政府,私立釩宇語文短期補習班,,stan403@gmail.com,外語類,八德區,2008-06-05,1296
桃園市政府,私立安心珠心算文理短期補習班,,mother7442@yahoo.com.tw,文理類,八德區,2000-03-31,1296
桃園市政府,私立貝貝鹿美語短期補習班,,giraffe3731198@gmail.com,外語類,八德區,2003-04-14,1296
桃園市政府,私立凱旋英語短期補習班,,,外語類,八德區,2004-08-31,1296
桃園市政府,私立大成文理短期補習班,,alisakiji@gmail.com,文理類,八德區,2009-12-30,1296
桃園市政府,私立經典大成文理語文短期補習班,,long168hair@yaoo.com.tw,文理類,八德區,2017-01-03,1296
桃園市政府,私立先鋒文理短期補習班,,claire_a7@yahoo.com.tw,文理類,八德區,2014-08-28,1296
桃園市政府,私立儒林大成文理短期補習班,,c081688@yahoo.com.tw,文理類,八德區,2021-06-18,1296
桃園市政府,私立皇家國豐語文數學短期補習班,,maggie1303tw@yahoo.com.tw,外語類,八德區,2020-02-13,1296
桃園市政府,私立小蒲公英數學文理美語作文短期補習班,,S861788@mail.yzu.edu.tw,文理類,八德區,2012-02-23,1296
桃園市政府,私立開普美語作文短期補習班,,,外語類,八德區,2001-12-04,1296
桃園市政府,私立葛萊文理美語短期補習班,,Claude3310@gmail.com,文理類,八德區,2020-03-24,1296
桃園市政府,私立米卡洛美語短期補習班,,long168hair@yaoo.com.tw,外語類,八德區,2008-06-18,1296
桃園市政府,私立文心數學語文短期補習班,,jennylee156166@gmail.com,文理類,八德區,2019-12-09,1296
桃園市政府,私立嘉全語文短期補習班,,hs2226@hess.com.tw,外語類,八德區,2020-10-12,1296
桃園市政府,私立名智文理短期補習班,,,文理類,八德區,2009-01-06,1296
桃園市政府,私立艾普樂斯英語短期補習班,,aplus033636276@yahoo.com.tw,外語類,八德區,2004-11-26,1296
桃園市政府,私立經典文理美語短期補習班,,long168hair @yahoo.com.tw,文理類,八德區,2005-01-31,1296
桃園市政府,智基科技開發股份有限公司附設私立新志光文理法商短期補習班,,a150828@cek.com.tw,文理類,八德區,2009-07-17,1296
桃園市政府,私立勵學文理短期補習班,,leadstudyclass@gmail.com,文理類,八德區,2017-11-09,1296
桃園市政府,私立育才文理美語短期補習班,190,school920601@yahoo.com.tw,文理類,八德區,1999-02-10,1296
桃園市政府,私立東華美語短期補習班,,joybadec@gmail.com,外語類,八德區,2003-12-03,1296
桃園市政府,私立賦有文理語文數學短期補習班 ,,fullyou@so-net.net.tw,文理類,八德區,2014-08-14,1296
桃園市政府,私立智聖多元圍棋短期補習班八德分班,,wisdom3611771@gmail.com,美術、書法、攝影、美工設計、圍棋類,八德區,2017-11-27,1296
桃園市政府,私立大智美語技藝短期補習班,443,,外語類,八德區,2001-01-03,1296
桃園市政府,私立樂恩語文珠算數學文理短期補習班,,addwin.wjg@gmail.com,文理類,八德區,2021-10-26,1296
桃園市政府,私立學盈語文文理短期補習班,,sda0715@yahoo.com.tw,文理類,八德區,2017-10-05,1296
桃園市政府,私立李衡文理短期補習班,,ognis168@hotmail.com,文理類,八德區,2009-11-12,1296
桃園市政府,私立承信美語短期補習班,,Mailone999@yahoo.com.tw,外語類,八德區,2004-07-23,1296
桃園市政府,私立科思文理短期補習班,,jenniferchangisme@gmail.com,文理類,八德區,2022-05-03,1296
桃園市政府,私立斐然語文數學短期補習班,,carolchinfy@yahoo.com.tw,外語類,八德區,2010-05-13,1296
桃園市政府,私立致勝文理美語短期補習班,,andy.s1598@gmail.com,文理類,八德區,2003-01-22,1296
桃園市政府,私立葳士頓美語短期補習班,,Jesuisclair@gmail.com,外語類,八德區,2012-11-28,1296
桃園市政府,私立文鼎語文文理短期補習班,,Wending3661993@gmail.com,文理類,八德區,2022-03-29,1296
桃園市政府,私立喬恩美語短期補習班,,a0972878023@gmail.com,外語類,八德區,2016-06-02,1296
桃園市政府,私立永達珠心算數學美語短期補習班,,33-winnie@yahoo.com.tw,商類：珠算、心算、會計,八德區,2006-07-18,1296
桃園市政府,私立英禾語文數學短期補習班,,,文理類,八德區,2015-07-23,1296
桃園市政府,私立光明文理美語短期補習班,,angry0930@gmail.com,文理類,八德區,2011-04-12,1296
桃園市政府,私立歐克思美語短期補習班,,claire20351@yahoo.com.tw,外語類,八德區,2011-08-11,1296
桃園市政府,私立肯格魯數學短期補習班,,jpchen0722@gmail.com,外語類,八德區,2005-03-09,1296
桃園市政府,私立碩苑美語短期補習班,,,外語類,八德區,2002-01-09,1296
桃園市政府,私立龍階美語短期補習班,406,,外語類,八德區,2001-05-30,1296
桃園市政府,私立大東森之星國際文理語文短期補習班,,kevinhaung08@yahoo.com.tw,文理類,八德區,2013-10-25,1296
桃園市政府,私立天毓語文文理短期補習班,,hsien.chi@hotmail.com,文理類,八德區,2009-08-20,1296
桃園市政府,私立佳恩語文數學文理短期補習班,,ntugavin@gmail.com,文理類,八德區,2020-12-16,1296
桃園市政府,私立忠勇美術短期補習班,,sart3366805@gmail.com,美術、書法、攝影、美工設計、圍棋類,八德區,2007-07-10,1296
桃園市政府,私立皮傑文理語文短期補習班,,patrickwu0725@gmail.com,文理類,八德區,2010-08-18,1296
桃園市政府,私立大金華英語會話短期補習班,405,,外語類,八德區,2000-01-26,1296
桃園市政府,私立翰敦園文理短期補習班,,,文理類,八德區,2003-11-07,1296
桃園市政府,私立利百加美語數學短期補習班,,cindy8815402@hotmail.com,外語類,八德區,2009-11-20,1296
桃園市政府,私立偉成語文短期補習班,,wdf7577@yahoo.com.tw,外語類,八德區,2017-12-20,1296
桃園市政府,私立禕姿舞蹈短期補習班 ,,Zing1212@hotmail.com,音樂、舞蹈類,八德區,2009-06-11,1296
桃園市政府,私立捷明文理語文數學短期補習班,,jming168@gmail.com,文理類,八德區,2011-09-15,1296
桃園市政府,私立學睿數學語文文理短期補習班,,arrow950441@gmail.com,文理類,八德區,2018-10-19,1296
桃園市政府,私立經緯文理美語短期補習班,,long168hair@yaoo.com.tw,文理類,八德區,2007-10-09,1296
桃園市政府,私立學而樂美語短期補習班,,fwvnet@ms17.hinet.net,外語類,八德區,2006-09-12,1296
桃園市政府,私立維一語文文理短期補習班,,hou.yi612@msa.hinet.net,文理類,八德區,2011-07-18,1296
桃園市政府,私立福僑數學語文短期補習班,,amyshiu6687@gmail.com,文理類,八德區,2019-04-01,1296
桃園市政府,私立傑克森美語短期補習班,,we022003@yahoo.com.tw,外語類,八德區,2000-03-01,1296
桃園市政府,私立楷麒文理語文短期補習班,,s-school@yahoo.com.tw,文理類,八德區,2009-02-26,1296
桃園市政府,私立昱志文理短期補習班,,chou55118@yahoo.com.tw,文理類,八德區,2007-06-14,1296
桃園市政府,私立第一樂章音樂短期補習班,,kawaiopusone@hotmail.com,音樂、舞蹈類,八德區,2020-04-16,1296
桃園市政府,私立崙晟文理美語短期補習班 ,,lunchen888@yahoo.com.tw,文理類,八德區,2008-10-06,1296
桃園市政府,私立優樂兒語文文理數學短期補習班,,Jovvy0209@yahoo.com.tw,文理類,八德區,2021-03-23,1296
桃園市政府,私立夢想森林音樂短期補習班,,muarttravel@gmail.com,音樂、舞蹈類,八德區,2013-04-16,1296
桃園市政府,私立集賢作文美語短期補習班,,dancebook@yahoo.com.tw,外語類,八德區,2006-08-11,1296
桃園市政府,私立三希堂文理美語數學短期補習班,,k1215ent@gmail.com,文理類,八德區,2018-04-26,1296
桃園市政府,私立吳老師文理美語短期補習班,,a0932932230@gmail.com,文理類,八德區,2006-12-27,1296
桃園市政府,私立匯儒文理短期補習班,,gest2345@gmail.com.tw,文理類,大園區,2021-02-05,1296
桃園市政府,私立華鐸美語文理短期補習班,,fjohn520@yahoo.com.tw,文理類,大園區,2006-09-22,1296
桃園市政府,私立巨鯨文理語文短期補習班,,,文理類,大園區,2003-10-21,1296
桃園市政府,私立巴哈音樂短期補習班大園分班,,,音樂、舞蹈類,大園區,2015-06-26,1296
桃園市政府,私立曼哈頓美語短期補習班,,manhattan.english@yahoo.com.tw,外語類,大園區,2008-05-28,1296
桃園市政府,私立群揚語文短期補習班,,Chun.yang46@msa.hinet.net,外語類,大園區,2007-09-11,1296
桃園市政府,私立葛洛莉英語短期補習班大園分班,,,外語類,大園區,2007-03-29,1296
桃園市政府,私立培瑞語文短期補習班,,dayuansesame@yahoo.com.tw,外語類,大園區,2015-11-23,1296
桃園市政府,私立辰星文理語文短期補習班,,tracy88888@msn.com,文理類,大園區,2012-04-16,1296
桃園市政府,私立保進美語數學短期補習班,,bowjinn.5500@gmail.com,文理類,大園區,2015-10-16,1296
桃園市政府,私立進步文理短期補習班,,jean56688@yahoo.com.tw,文理類,大園區,2016-07-01,1296
桃園市政府,私立佛利亞美語文理短期補習班,,foria39@yahoo.com,文理類,大園區,2011-02-17,1296
桃園市政府,私立怡家文理短期補習班,,andras23924@gmail.com,文理類,大園區,2005-10-13,1296
桃園市政府,私立逗點教室文理語文數學短期補習班,,andytaihome@gmail.com,文理類,大園區,2018-09-27,1296
桃園市政府,私立樺德美語短期補習班,,h0910618856@yahoo.com.tw,外語類,大園區,2006-01-18,1296
桃園市政府,私立華美珠心算語文短期補習班,,egria26@gmail.com.tw,外語類,大園區,2008-08-28,1296
桃園市政府,私立百勝文理語文技藝短期補習班,,Dreamhigh0606@yahoo.com.tw,文理類,大園區,2015-12-16,1296
桃園市政府,私立隆興數學短期補習班,187,longsing337@yahoo.com.tw,文理類,大園區,1998-05-25,1296
桃園市政府,私立蓋文文理語文短期補習班,,austin.qingpu@msa.hinet.net,文理類,大園區,2020-10-07,1296
桃園市政府,私立惠翔語文短期補習班,,sinn0415@gmail.com,外語類,大園區,2010-09-16,1296
桃園市政府,私立八方文理語文短期補習班,,,文理類,大園區,2007-03-21,1296
桃園市政府,私立福克斯文理語文數學短期補習班青埔分班,,tim6868tw@gmail.com,文理類,大園區,2021-04-06,1296
桃園市政府,私立文昌文理語文短期補習班,,linpinhan@hotmail.com,文理類,大園區,2007-03-27,1296
桃園市政府,私立辰星文理語文自然科學數學短期補習班青埔分班,,sunrise3858@hotmail.com,文理類,大園區,2021-08-11,1296
桃園市政府,私立藍獅數學自然文理短期補習班,,a0938928708@icloud.com,文理類,大園區,2019-12-09,1296
桃園市政府,精英國際教育管理顧問股份有限公司私立精湛文理短期補習班,,elite0000957@gmail.com,文理類,大園區,2020-08-11,1296
桃園市政府,私立文特蘭語文文理短期補習班,,edward.you@msa.hinet.net,外語類,大園區,2000-06-20,1296
桃園市政府,私立奧詩卡珠心算美語短期補習班,,,外語類,大園區,2003-09-25,1296
桃園市政府,私立里茲文理語文短期補習班,,carrielee0627@yahoo.com,文理類,大園區,2007-07-16,1296
桃園市政府,私立潘朵拉語文文理短期補習班,,,文理類,大園區,2007-01-18,1296
桃園市政府,私立耕華園文理短期補習班,,stanley680608@yahoo.com.tw,文理類,大園區,2005-02-22,1296
桃園市政府,私立文佑語文文理數學短期補習班,458,susan75117@yahoo.com.tw,文理類,大溪區,2001-03-13,1296
桃園市政府,私立青宏美語珠心算短期補習班,,osborn.live8@gmail.com,外語類,大溪區,2002-08-27,1296
桃園市政府,私立昇揚文理短期補習班,,h938568035@yahoo.com.tw,文理類,大溪區,2013-10-15,1296
桃園市政府,私立辰米技藝短期補習班,,littlemay420@msn.com,美術、書法、攝影、美工設計、圍棋類,大溪區,2022-05-20,1296
桃園市政府,私立美亞美語短期補習班,,mayyaenglishschool@yahoo.com.tw,外語類,大溪區,2000-09-28,1296
桃園市政府,私立頂強數學語文短期補習班,,,文理類,大溪區,2006-10-23,1296
桃園市政府,私立傑飛文理語文短期補習班,,bye331182@gmail.com,文理類,大溪區,2013-12-17,1296
桃園市政府,私立莫差特音樂文理短期補習班,,CMH.mozart@yahoo.com.tw,文理類,大溪區,2004-10-12,1296
桃園市政府,私立安森爾文理短期補習班,,exellent520@yahoo.com.tw,文理類,大溪區,2010-10-05,1296
桃園市政府,私立藤峰數學美語短期補習班 ,,keiko_x522@yahoo.com,文理類,大溪區,2015-11-06,1296
桃園市政府,私立浩哲文理短期補習班,,houther3805965@yahoo.com.tw,文理類,大溪區,2008-06-27,1296
桃園市政府,私立培元文理短期補習班,,hueiwen_992001@yahoo.com.tw,文理類,大溪區,2006-10-14,1296
桃園市政府,私立哲宥文理語文短期補習班仁和分班,,jy3071313@gmail.com,文理類,大溪區,2016-10-31,1296
桃園市政府,私立哲宥文理短期補習班,,jy3071313@gmail.com,文理類,大溪區,2011-10-24,1296
桃園市政府,私立仁和美語短期補習班,,iustdoit0308@gmail.com,外語類,大溪區,2014-08-20,1296
桃園市政府,私立銓心語文短期補習班,,,外語類,大溪區,2009-05-06,1296
桃園市政府,私立瑞淇語文短期補習班,,Rachel.eagle102@gmail.com,外語類,大溪區,2013-08-07,1296
桃園市政府,私立僑城英語數學文理短期補習班,,,文理類,大溪區,2014-02-12,1296
桃園市政府,私立立騰文理語文短期補習班,,van1030.tw@yahoo.com.tw,文理類,大溪區,2006-11-30,1296
桃園市政府,私立凱濼美語文理短期補習班,,jojoapr@gmail.com,文理類,大溪區,2020-03-19,1296
桃園市政府,私立武陵高手文理美語短期補習班,,chien9848@yahoo.com.tw,文理類,大溪區,2009-07-28,1296
桃園市政府,私立美亞美語短期補習班僑愛分班,,mayyaenglishschool@yahoo.com.tw,外語類,大溪區,2013-02-06,1296
桃園市政府,私立埼安語文文理短期補習班僑愛分班,,chiaoai.live@gmail.com,文理類,大溪區,2005-07-29,1296
桃園市政府,私立迪卡爾美語文理短期補習班,,dsc3072969@gmail.com,文理類,大溪區,2004-04-21,1296
桃園市政府,私立小領隊珠算語文短期補習班,,,外語類,大溪區,2006-09-12,1296
桃園市政府,私立貝特美語短期補習班,,Christiehuang75@hotmail.com,外語類,大溪區,2007-12-05,1296
桃園市政府,私立天龍文理短期補習班,,aking188588@yahoo.com.tw,文理類,大溪區,2012-02-01,1296
桃園市政府,私立愛學習文理語文數學心算短期補習班,,demi5423demi5423@yahoo.com,文理類,大溪區,2018-08-08,1296
桃園市政府,私立立凱英語數學短期補習班,,dorisys93@gmail.com,文理類,大溪區,2015-09-07,1296
桃園市政府,私立芸軒文理技藝短期補習班仁和分班,,amy_cute_QQ@hotmail.com,外語類,大溪區,2022-07-01,1296
桃園市政府,私立耕心文理短期補習班,,a097097@gmail.com,文理類,大溪區,2014-03-05,1296
桃園市政府,私立芸軒音樂美語短期補習班,,yunxuanmusic@hotmail.com,外語類,大溪區,2006-06-20,1296
桃園市政府,私立橙采文理語文短期補習班,,ruby3802275@gmail.com,文理類,大溪區,2016-08-29,1296
桃園市政府,私立英傑美語短期補習班,,a0978225789@gmail.com,外語類,大溪區,2008-11-25,1296
桃園市政府,私立聖翔美語短期補習班,,gl601222@yahoo.com.tw,外語類,大溪區,2006-06-08,1296
桃園市政府,私立何功文理短期補習班,,cyho610@gmail.com,文理類,大溪區,2017-07-28,1296
桃園市政府,私立維思登語文短期補習班田心分班,,,外語類,大溪區,2000-10-01,1296
桃園市政府,私立小飛象文理珠心算美語短期補習班,,,文理類,大溪區,2000-03-28,1296
桃園市政府,私立小熊文理語文珠心算數學短期補習班,,BlackHsiao@me.com,商類：珠算、心算、會計,大溪區,2001-11-06,1296
桃園市政府,私立江唐文理短期補習班,,jiang5257@yahoo.com.tw,文理類,大溪區,2004-03-17,1296
桃園市政府,私立育英文理短期補習班,175,ydmkininm1209@gmail.com,文理類,大溪區,1996-04-05,1296
桃園市政府,私立成龍語文短期補習班,,,外語類,大溪區,2006-09-12,1296
桃園市政府,私立大正語文文理短期補習班,,,文理類,大溪區,2010-11-16,1296
桃園市政府,私立劉老師文理短期補習班,,flyspco@yahoo.com.tw,文理類,平鎮區,2018-10-03,1296
桃園市政府,私立楊老師珠心算美語短期補習班,,ms.yang439@gmail.com,商類：珠算、心算、會計,平鎮區,2004-09-15,1296
桃園市政府,私立新全晟語文文理短期補習班,,success20161101@gmail.com,文理類,平鎮區,2017-07-28,1296
桃園市政府,私立誠禎文理短期補習班,,Apple7687oo@gmail.com,文理類,平鎮區,2022-06-20,1296
桃園市政府,私立艾美加美語短期補習班,,april.hrs12@gmail.com,外語類,平鎮區,2013-05-24,1296
桃園市政府,私立維也納音樂語文短期補習班,,rebecca86930@gmail.com,外語類,平鎮區,2009-12-30,1296
桃園市政府,私立雲端升學文理短期補習班,,a0915098727@gmail.com,文理類,平鎮區,2011-09-26,1296
桃園市政府,私立佳昌語文數學文理短期補習班,,joynanshih@gmail.com,外語類,平鎮區,2017-01-09,1296
桃園市政府,私立常春藤美語數學文理短期補習班,,mjc4396989@yahoo.com,文理類,平鎮區,2019-06-13,1296
桃園市政府,私立學堡美語文理音樂短期補習班,,,文理類,平鎮區,2013-11-26,1296
桃園市政府,私立宥翰文理短期補習班,,,文理類,平鎮區,2007-01-23,1296
桃園市政府,私立功學文理語文自然科學短期補習班,,jasonjason0709@gmail.com,文理類,平鎮區,2017-10-23,1296
桃園市政府,私立資優生珠心算短期補習班,,LO511006@yahoo.com.tw,商類：珠算、心算、會計,平鎮區,2009-10-30,1296
桃園市政府,私立洙泗語文文理短期補習班,,,文理類,平鎮區,2003-12-26,1296
桃園市政府,私立莎酈絲美語文理短期補習班,,,文理類,平鎮區,2007-01-17,1296
桃園市政府,私立文琳文理短期補習班,,,文理類,平鎮區,2003-07-25,1296
桃園市政府,私立易誠文理技藝 短期補習班,,q108@msq.mpmmath.com.tw,文理類,平鎮區,2006-01-10,1296
桃園市政府,私立允星數學文理短期補習班,,yunsing4682258@gmail.com,文理類,平鎮區,2020-08-19,1296
桃園市政府,私立喬文文理短期補習班,,fh0913141688@yahoo.com.tw,文理類,平鎮區,2000-07-17,1296
桃園市政府,私立喬加樂美語數學文理短期補習班-平鎮分班,,,文理類,平鎮區,2002-07-18,1296
桃園市政府,私立文田珠心算短期補習班,,Yu4686176@yahoo.com,商類：珠算、心算、會計,平鎮區,2002-01-04,1296
桃園市政府,私立子涵音樂短期補習班,,tainingpo@yahoo.com.tw,音樂、舞蹈類,平鎮區,2011-08-17,1296
桃園市政府,私立翔安美語珠心算短期補習班,422,kid-castle@yahoo.com.tw,外語類,平鎮區,2000-12-18,1296
桃園市政府,私立小奶爸美語技藝短期補習班,,nipa8663@yahoo.com.tw,外語類,平鎮區,2008-08-01,1296
桃園市政府,私立天力數學短期補習班,,maychunli@yahoo.com.tw,文理類,平鎮區,2009-11-24,1296
桃園市政府,私立東楷文理短期補習班,,u4606996@gmail.com,文理類,平鎮區,2008-05-07,1296
桃園市政府,私立新力文文理短期補習班,,Supersirl@yahoo.com.tw,文理類,平鎮區,2017-06-07,1296
桃園市政府,私立力揚文理語文短期補習班,,michelllelin@gmail.com,文理類,平鎮區,2004-05-19,1296
桃園市政府,私立信宏文理短期補習班,,ys.cheng@msa.hinet.net,文理類,平鎮區,2005-12-23,1296
桃園市政府,私立瑞思美語短期補習班,,resachung@yahoo.com.tw,外語類,平鎮區,2005-04-07,1296
桃園市政府,私立創價美語短期補習班,,a0919247307@gmail.com,外語類,平鎮區,2002-05-17,1296
桃園市政府,私立旭揚文理短期補習班,,lcy0167@msn.com,外語類,平鎮區,2022-04-15,1296
桃園市政府,私立建立文理短期補習班,,,文理類,平鎮區,2003-05-20,1296
桃園市政府,私立林華語文文理短期補習班,,lrj1967@ms53.hinet.net,文理類,平鎮區,2009-11-05,1296
桃園市政府,私立華岡語文短期補習班,,ip868@yahoo.com.tw,外語類,平鎮區,2008-12-01,1296
桃園市政府,私立新小狀元珠算短期補習班,222,s4912397@gmail.com,商類：珠算、心算、會計,平鎮區,1997-05-20,1296
桃園市政府,私立瑞文技藝短期補習班,,regina.leeng7354@gmail.com,其他類,平鎮區,2007-11-13,1296
桃園市政府,私立馨勵德文理語文數學短期補習班,,id4son@pchome.com.tw,文理類,平鎮區,2009-09-23,1296
桃園市政府,私立福克斯文理語文短期補習班,,claireyeho0630@gmail.com,文理類,平鎮區,2010-11-30,1296
桃園市政府,私立加大美語珠心算短期補習班,455,a0963303204@gmail.com,外語類,平鎮區,2001-03-09,1296
桃園市政府,私立謝老師美術短期補習班,,tw_cccp@yahoo.com.tw,美術、書法、攝影、美工設計、圍棋類,平鎮區,2013-03-25,1296
桃園市政府,私立大格文理語文短期補習班,38,fudan.live@gmail.com,文理類,平鎮區,1989-09-01,1296
桃園市政府,私立揚格美語短期補習班,,,外語類,平鎮區,2003-12-26,1296
桃園市政府,私立聖芬騰美語短期補習班,,ugoxxto@hotmail.com,外語類,平鎮區,2009-07-08,1296
桃園市政府,私立思研文理短期補習班,,lovemathway@gmail.com,文理類,平鎮區,2020-10-07,1296
桃園市政府,私立奇果數學語文短期補習班,,carolhsu18@yahoo.com.tw,文理類,平鎮區,2018-05-15,1296
桃園市政府,私立大銘語文文理數學短期補習班,,weiyun0218@gmail.com,文理類,平鎮區,2008-07-16,1296
桃園市政府,私立育苗美語文理短期補習班,,cenerentolacarina@gmail.com,文理類,平鎮區,2013-09-27,1296
桃園市政府,私立傑出語文短期補習班,77,,外語類,平鎮區,1998-01-13,1296
桃園市政府,私立巴赫音樂美語短期補習班,,bach.robot@gmail.com,外語類,平鎮區,2006-12-29,1296
桃園市政府,私立吉鹿美語短期補習班,,,外語類,平鎮區,2002-09-20,1296
桃園市政府,私立聖揚文理美語珠心算短期補習班,,,文理類,平鎮區,2001-05-29,1296
桃園市政府,私立普利斯堡英語會話短期補習班,,cindy1967@pchome.com.tw,外語類,平鎮區,1999-04-07,1296
桃園市政府,私立勵成語文文理短期補習班,,,文理類,平鎮區,2012-10-04,1296
桃園市政府,私立廷和語文文理短期補習班,,,文理類,平鎮區,2012-10-08,1296
桃園市政府,私立翊成文理短期補習班,,es4271250@gmail.com,文理類,平鎮區,2022-01-19,1296
桃園市政府,私立愛因斯坦美語短期補習班,,liu_chia_chun@yahoo.com,外語類,平鎮區,2004-03-04,1296
桃園市政府,私立復旦智城文理數學語文短期補習班,,s4934260@gmail.com,文理類,平鎮區,2019-02-15,1296
桃園市政府,私立錢老師語文音樂文理短期補習班,,s966928@gmail.com,文理類,平鎮區,2014-11-18,1296
桃園市政府,私立興儒文理短期補習班中壢分班,,kayinortin@hotmail.com,文理類,平鎮區,2019-04-15,1296
桃園市政府,私立漢揚文理語文短期補習班,,Leem38481@gmail.com,文理類,平鎮區,2007-04-26,1296
桃園市政府,私立宏義文理短期補習班,,ggmm520@yahoo.com.tw,文理類,平鎮區,2001-06-13,1296
桃園市政府,私立弘道文理短期補習班,,hd_prola@yahoo.com.tw,文理類,平鎮區,2005-11-14,1296
桃園市政府,私立今華美容短期補習班,285,lvhschool88@gmail.com,美容、美髮理髮類,平鎮區,1998-11-05,1296
桃園市政府,私立胡老師文理短期補習班,,sure8863@yahoo.com.tw,文理類,平鎮區,2001-08-17,1296
桃園市政府,私立育林文理語文短期補習班,198,zyknowhow@yahoo.com.tw,文理類,平鎮區,1999-04-20,1296
桃園市政府,私立躍騰文理短期補習班平鎮分班,,Superlucky229@gmail.com,文理類,平鎮區,2017-11-23,1296
桃園市政府,私立雅典音樂語文短期補習班,,yinyizu@yahoo.com.tw,外語類,平鎮區,2006-12-22,1296
桃園市政府,私立卓越大文理短期補習班,,jingjing1155@yahoo.com.tw,文理類,平鎮區,2009-07-06,1296
桃園市政府,私立林錦文理英語數學短期補習班,,jekicc2016@gmail.com,文理類,平鎮區,2019-07-15,1296
桃園市政府,私立芸熙音樂短期補習班,,emma95134@yahoo.com.tw,音樂、舞蹈類,平鎮區,2007-10-19,1296
桃園市政府,私立東信文理短期補習班,,,文理類,平鎮區,2002-04-17,1296
桃園市政府,私立艾唯特美語短期補習班,,tinaloveskids@yahoo.com.tw,外語類,平鎮區,2011-08-11,1296
桃園市政府,私立二十一世紀美語短期補習班,417,,外語類,平鎮區,2000-12-05,1296
桃園市政府,私立王牌珠心算語文短期補習班,,amy3224843@yahoo.com.tw,外語類,平鎮區,2008-04-03,1296
桃園市政府,私立悅讀童年語文短期補習班,,taiwancw@gmail.com,外語類,平鎮區,2001-12-28,1296
桃園市政府,私立松林數學文理短期補習班,,Lori620513@yahoo.com.tw,文理類,平鎮區,2011-04-19,1296
桃園市政府,私立蘇荷美術短期補習班,,sohomary@sohoart.com.tw,美術、書法、攝影、美工設計、圍棋類,平鎮區,2002-03-29,1296
桃園市政府,私立智聖多元圍棋短期補習班文化分班,,macwild@mail2000.com.tw,美術、書法、攝影、美工設計、圍棋類,平鎮區,2016-08-23,1296
桃園市政府,私立佳峯英語會話短期補習班,,bb089@joy.com.tw,外語類,平鎮區,2007-05-04,1296
桃園市政府,私立悠悠中央圍棋短期補習班,,gz755144@gmail.com,美術、書法、攝影、美工設計、圍棋類,平鎮區,2015-05-20,1296
桃園市政府,私立興儒語文文理數學短期補習班文化分班,,hongjie.hsiao@msa.hinet.net,文理類,平鎮區,2015-07-17,1296
桃園市政府,私立小森林美語短期補習班,402,sherrybennykammy71@gmail.com,外語類,平鎮區,2002-10-24,1296
桃園市政府,私立建如語文文理珠心算短期補習班,,cw.c224@msa.hinet.net,文理類,平鎮區,2008-10-09,1296
桃園市政府,私立世一語文數學短期補習班,,julie_hmm@yahoo.com.tw,外語類,平鎮區,2014-05-06,1296
桃園市政府,私立隆慶英語短期補習班,43,,外語類,平鎮區,1993-12-01,1296
桃園市政府,私立幼屋珠心算短期補習班,219,fang070748@yahoo.com.tw,商類：珠算、心算、會計,平鎮區,1997-09-19,1296
桃園市政府,私立裕登美語文理短期補習班,,Melton.kid@gmail.com,文理類,平鎮區,2020-11-23,1296
桃園市政府,私立美爾頓美語短期補習班,,melton.kid@gmail.com,外語類,平鎮區,2002-04-12,1296
桃園市政府,私立曉楊文理數學短期補習班,,a0939007918@gmail.com,文理類,平鎮區,2015-08-10,1296
桃園市政府,私立新吉的堡美語珠算短期補習班,,a26095562@yahoo.com.tw,外語類,平鎮區,1998-01-13,1296
桃園市政府,私立祥恩英語短期補習班,,seansenglishschool@gmail.com,外語類,平鎮區,2006-12-25,1296
桃園市政府,私立新興數學語文短期補習班,,aming4734735@gmail.com,外語類,平鎮區,2020-05-22,1296
桃園市政府,私立成育文理語文短期補習班,,5864085@yahoo.com.tw,外語類,平鎮區,2009-11-24,1296
桃園市政府,私立成威珠心算短期補習班,,Keven.shelly@msa.hinet.net,商類：珠算、心算、會計,平鎮區,2008-06-27,1296
桃園市政府,私立長青博儒文理美語短期補習班,,Fn19850731@hotmail.com.tw,文理類,平鎮區,2019-07-19,1296
桃園市政府,私立博儒文理美語珠算短期補習班,,wendypeng523@gmail.com,文理類,平鎮區,2005-04-07,1296
桃園市政府,私立幼全珠心算美語短期補習班,,jen59312@gmail.com,商類：珠算、心算、會計,平鎮區,2002-01-29,1296
桃園市政府,私立尼恩語文文理短期補習班,,ange198100@yahoo.com.tw,文理類,平鎮區,2013-05-15,1296
桃園市政府,私立言史弗弘美語文理短期補習班,56,,文理類,平鎮區,1997-02-01,1296
桃園市政府,私立奧林匹亞文理數學短期補習班平鎮分班,,H3389191@gmail.com,文理類,平鎮區,2013-03-22,1296
桃園市政府,私立黃昊文理美語短期補習班,,duck0331@msn.com,文理類,平鎮區,2010-12-23,1296
桃園市政府,私立翔宇文理短期補習班,,allstar0911@hotmail.com,文理類,平鎮區,2006-12-27,1296
桃園市政府,私立聚威文理短期補習班,,jiuwei@hotmail.com,文理類,平鎮區,2008-10-03,1296
桃園市政府,私立文騰文理語文數學短期補習班,,wenteng168@yahoo.com.,文理類,平鎮區,2014-10-16,1296
桃園市政府,私立躍騰文理短期補習班平興分班,,Superlucky229@gmail.com,文理類,平鎮區,2018-07-09,1296
桃園市政府,私立學盟文理美語短期補習班,,F65391@gmail.com,文理類,平鎮區,2005-08-29,1296
桃園市政府,私立春華英語會話短期補習班,,,外語類,平鎮區,2002-08-30,1296
桃園市政府,私立亞碩音樂美語美術短期補習班,,yasoutopshool@yahoo.com.tw,外語類,平鎮區,2005-06-06,1296
桃園市政府,私立福克斯文理語文數學短期補習班義興分班,,tim6868tw@gmail.com,文理類,平鎮區,2021-09-13,1296
桃園市政府,私立奈特爾美語文理數學作文美術短期補習班,,Neter.tw@gmail.com,文理類,平鎮區,2014-12-31,1296
桃園市政府,私立樂昕美術短期補習班,,stanly78466@yahoo.com.tw,美術、書法、攝影、美工設計、圍棋類,平鎮區,2012-01-18,1296
桃園市政府, 私立鴻鑫文理數學語文短期補習班,,,文理類,平鎮區,2009-10-02,1296
桃園市政府,私立閎墨文理短期補習班,,HongM06186@gmail.com,文理類,平鎮區,2022-06-16,1296
桃園市政府,私立陳明文理短期補習班,,mcdowe110725@gmail.com,文理類,平鎮區,2021-09-07,1296
桃園市政府,私立哈寶貝美語短期補習班,452,,外語類,平鎮區,2001-02-22,1296
桃園市政府,私立哲宥文理短期補習班龍岡分班,,jy3071313@gmail.com,文理類,平鎮區,2019-02-21,1296
桃園市政府,私立躍騰文理短期補習班,,gmemts4664221@gmail.com,文理類,平鎮區,2011-01-26,1296
桃園市政府,私立房角石文理語文數學短期補習班,,jw4949611@yahoo.com.tw,文理類,平鎮區,2019-10-18,1296
桃園市政府,私立聖儒美語短期補習班,,,外語類,平鎮區,2006-05-11,1296
桃園市政府,私立夏老師文理美語短期補習班,,tdjason0203@gmail.com,文理類,平鎮區,2001-03-19,1296
桃園市政府,私立大山美語文理短期補習班,,a0920138250@gmail.com,文理類,平鎮區,2008-09-28,1296
桃園市政府,私立清大美語文理短期補習班,73,,文理類,平鎮區,1998-12-11,1296
桃園市政府,私立強棒語文短期補習班,,aa1111.aa@msa.hinet.net,文理類,平鎮區,2018-05-21,1296
桃園市政府,私立薇閣語文短期補習班,,grace546793@yahoo.com.tw,外語類,平鎮區,2010-12-21,1296
桃園市政府,私立建成文理語文短期補習班,,b4654321@ms35.hinet.net,文理類,平鎮區,1999-02-23,1296
桃園市政府,私立育傑文理語文短期補習班,,chiffonsung@gmail.com,文理類,平鎮區,2012-06-29,1296
桃園市政府,私立葉老師文理美語珠算短期補習班,439,laipee7@gmail.com,文理類,平鎮區,2000-12-29,1296
桃園市政府,私立寶美美語短期補習班,,wenchang601224@gmail.com,外語類,平鎮區,2000-03-06,1296
桃園市政府,私立大方美語數學短期補習班,,無,外語類,平鎮區,2019-12-06,1296
桃園市政府,私立葉老師文理美語短期補習班龍壽分班,,laipee7@gmail.com,文理類,平鎮區,2006-12-26,1296
桃園市政府,私立林萌數學短期補習班,,lynne51120@yahoo.com.tw,文理類,平鎮區,2013-02-21,1296
桃園市政府,私立三之三珠心算短期補習班,,,商類：珠算、心算、會計,平鎮區,2002-11-07,1296
桃園市政府,私立小學堂美語短期補習班,,sam687628@gmail.com,外語類,新屋區,2008-11-10,1296
桃園市政府,私立群創美語文理短期補習班,,lvu88456@yahoo.com.tw,文理類,新屋區,2004-09-15,1296
桃園市政府,私立經綸文理短期補習班,,kmispower0933943154@gmail.com,文理類,新屋區,2002-12-20,1296
桃園市政府,私立方華文理短期補習班新屋分班,,,文理類,新屋區,2005-01-04,1296
桃園市政府,私立輔仁文理美語數學短期補習班,,,文理類,新屋區,1996-03-28,1296
桃園市政府,私立書安文理短期補習班,,dede747428@gmail.com,文理類,新屋區,2015-06-15,1296
桃園市政府,私立滌凡特語文文理短期補習班,,a4774498@gmail.com,文理類,新屋區,2006-11-29,1296
桃園市政府,私立威霖數學語文短期補習班,,mai0960541977@gmail.com,外語類,新屋區,2020-04-28,1296
桃園市政府,私立威齊語文短期補習班,,wikimsn@yahoo.com.tw,外語類,新屋區,2011-11-02,1296
桃園市政府,私立耀陞文理短期補習班,,Beter120@ms29.hinet.net,文理類,新屋區,2006-01-19,1296
桃園市政府,私立海鷗音樂短期補習班,,,音樂、舞蹈類,新屋區,2007-11-12,1296
桃園市政府,私立雅韻音樂短期補習班,,,音樂、舞蹈類,新屋區,2008-03-24,1296
桃園市政府,私立邱老師美語短期補習班,,q4queen@yahoo.com.tw,外語類,新屋區,2007-04-26,1296
桃園市政府,私立呂承瑾音樂短期補習班,,kevin19921208@yahoo.com.tw,音樂、舞蹈類,桃園區,2020-07-03,1296
桃園市政府,財團法人天主教德來會附設私立鳴遠美語短期補習班,,phoepedora@gmail.com,外語類,桃園區,2008-07-04,1296
桃園市政府,何嘉仁文教事業股份有限公司桃園分公司附設私立智祥語文短期補習班,,hs2017@hess-mail.com.tw,外語類,桃園區,2006-10-20,1296
桃園市政府,私立欣華英語會話短期補習班,70,,外語類,桃園區,1996-10-18,1296
桃園市政府,長頸鹿文化事業股份有限公司桃園分公司附設私立長頸鹿美語短期補習班,,hr@giraffe.com.tw,外語類,桃園區,2004-03-17,1296
桃園市政府,私立冠軒美語數學作文短期補習班,,ty93650989@gmail.com,外語類,桃園區,2010-02-01,1296
桃園市政府,私立尚德語文文理短期補習班,,cly1112@gmail.com,文理類,桃園區,2013-12-30,1296
桃園市政府,私立高傑英語數學電腦文理短期補習班,99,gaujie.a334@msa.hinet.net,文理類,桃園區,1999-04-27,1296
桃園市政府,朝陽富元教育股份有限公司附設私立朝揚文理語文短期補習班莊二分班,,jy3169958@gmail.com,文理類,桃園區,2016-12-14,1296
桃園市政府,財團法人人本教育文教基金會附設桃園市私立數學想想國數學文理短期補習班,,Eating.lu@hef.org.tw,文理類,桃園區,2021-09-11,1296
桃園市政府,私立莫大衛英語短期補習班,, modawei@yahoo.com,外語類,桃園區,2020-12-30,1296
桃園市政府,私立酷科學美語文理短期補習班,,olive1229@hotmail.com,文理類,桃園區,2017-11-29,1296
桃園市政府,私立博聖數學語文短期補習班,,evulvulsm1984@gmail.com,外語類,桃園區,2021-05-03,1296
桃園市政府,私立嘉宇語文短期補習班,,hs2229@hess.com.tw,外語類,桃園區,2020-05-07,1296
桃園市政府,私立英士堤語文短期補習班,,,外語類,桃園區,2004-10-21,1296
桃園市政府,新貴個別指導股份有限公司附設私立新貴同得文理語文數學短期補習班,,alexjan510@gmail.com,文理類,桃園區,2021-11-11,1296
桃園市政府,私立泓林文理數學語文短期補習班,,0930130110@yahoo.com.tw,文理類,桃園區,2003-12-19,1296
桃園市政府,私立同德文理美語短期補習班,,danielnicole0519@gmail.com,文理類,桃園區,2001-08-07,1296
桃園市政府,私立三民文理數學美語短期補習班,,lap0909@yahoo.com.tw,文理類,桃園區,2009-03-04,1296
桃園市政府,私立普飛美語短期補習班,,megan.hsu.0226@gmail.com,外語類,桃園區,2004-04-07,1296
桃園市政府,私立佳盈英語短期補習班,403,hdchiusan@gmail.com,外語類,桃園區,2000-01-07,1296
桃園市政府,私立亮晶晶趣學文理技藝短期補習班,,,文理類,桃園區,2007-05-10,1296
桃園市政府,私立菁華文理短期補習班,130,ginhua.cm@gmail.com,文理類,桃園區,1991-08-19,1296
桃園市政府,私立諾貝爾文理語文短期補習班,196,gonobel@seed.net.tw,文理類,桃園區,1999-04-07,1296
桃園市政府,私立高陞英語會話短期補習班,24,,外語類,桃園區,1988-05-12,1296
桃園市政府,私立温老師文理數學美語短期補習班,,Giraffe10002@yahoo.com.tw,文理類,桃園區,2004-06-08,1296
桃園市政府,私立興人數學文理語文短期補習班,,smart03110710@yahoo.com.tw,文理類,桃園區,2015-05-27,1296
桃園市政府,私立日明文理短期補習班,,brightday177@yahoo.com.tw,文理類,桃園區,2015-12-31,1296
桃園市政府,私立葳誼寵物美容短期補習班,,a0913500006@gmail.com,美容、美髮理髮類,桃園區,2017-08-24,1296
桃園市政府,私立圻宇文理短期補習班,,bensonhsu@giga.net.tw,文理類,桃園區,2005-06-21,1296
桃園市政府,私立托瑪斯美語短期補習班,,chuthoma@gmail.com,外語類,桃園區,2013-09-06,1296
桃園市政府,私立華陞文理短期補習班,,science332_2394@yahoo.com.tw,文理類,桃園區,2003-10-27,1296
桃園市政府,私立周佳教文理短期補習班,111,,文理類,桃園區,1988-09-23,1296
桃園市政府,私立虹閱美語文理短期補習班,,mukatechen@gmail.com,文理類,桃園區,2006-01-26,1296
桃園市政府,私立悅思文理短期補習班 ,,,文理類,桃園區,2011-05-12,1296
桃園市政府,私立創思學習文理數學語文短期補習班市府分班,,jackyucchi@gmail.com,文理類,桃園區,2020-10-29,1296
桃園市政府,私立惠育音樂短期補習班,,,音樂、舞蹈類,桃園區,2001-07-25,1296
桃園市政府,私立宏源文理短期補習班,,,文理類,桃園區,2005-01-31,1296
桃園市政府,私立銓才文理短期補習班,,,文理類,桃園區,2003-09-19,1296
桃園市政府,無限創意積木有限公司附設私立無限創意技藝短期補習班,,infinite2201007@gmail.com,其他類,桃園區,2014-05-01,1296
桃園市政府,百世教育科技股份有限公司附設私立百世文理短期補習班中平分班,,Ncheng-gong@bais.com.tw,文理類,桃園區,2016-01-26,1296
桃園市政府,私立達頂語文文理短期補習班,,katja565811@gmail.com,文理類,桃園區,2007-08-17,1296
桃園市政府,私立瑋人文理數學語文短期補習班,,,文理類,桃園區,2002-01-07,1296
桃園市政府,朝陽富元教育股份有限公司附設私立朝揚文理語文短期補習班成功分班,,jy3169958@gmail.com,文理類,桃園區,2007-11-27,1296
桃園市政府,私立中正美術短期補習班,,sart3366805@gmail.com,美術、書法、攝影、美工設計、圍棋類,桃園區,2008-10-27,1296
桃園市政府,私立永祥美語短期補習班,423,hs1040@hess.com.tw,外語類,桃園區,2000-12-28,1296
桃園市政府,私立奧林匹亞文理數學短期補習班,,H3389191@gmail.com,文理類,桃園區,2009-08-14,1296
桃園市政府,社團法人中國青年救國團附設私立世貿語文技藝短期補習班,,190513@cyc.tw,外語類,桃園區,2019-04-17,1296
桃園市政府,雲門國際事業股份有限公司附設私立雲門舞集藝文舞蹈短期補習班,,spring@cgds.com.tw,音樂、舞蹈類,桃園區,2003-09-24,1296
桃園市政府,學旅文創有限公司附設私立舞動世界藝文技藝短期補習班,,Dancingworld.contact@gmail.com &amp;amp;amp;amp;amp;amp;lt;Dancingworld.contact@gmail.com,音樂、舞蹈類,桃園區,2022-05-09,1296
桃園市政府,何嘉仁文教事業股份有限公司附設私立智妍英語短期補習班 ,,hs3731@hess.com.tw,外語類,桃園區,2006-01-25,1296
桃園市政府,私立蘇活美術短期補習班,,marysohoart@gmail.com,美術、書法、攝影、美工設計、圍棋類,桃園區,2014-07-28,1296
桃園市政府,私立愛法兒文理短期補習班,,a0937086289@gmail.com,外語類,桃園區,2016-11-01,1296
桃園市政府,私立譯果語文文理數學短期補習班,,zhuangjing.ty@eagletw.com,文理類,桃園區,2019-06-04,1296
桃園市政府,私立衛理美語短期補習班,,Wesley2preschool99@gmail.com,外語類,桃園區,2020-08-24,1296
桃園市政府,私立周勁文理短期補習班,,acsirs.chou@gmail.com,文理類,桃園區,2007-12-03,1296
桃園市政府,私立思純國際珠心算美語文理短期補習班,,,文理類,桃園區,2010-02-01,1296
桃園市政府,曜暻有限公司附設私立群英文理短期補習班,,mymathisbad@gmail.com,文理類,桃園區,2016-11-07,1296
桃園市政府,私立傑聖文理語文短期補習班,,dele.yang@gmail.com,文理類,桃園區,2016-09-20,1296
桃園市政府,私立顗可文理語文短期補習班,,eaglekids99@gmail.com,文理類,桃園區,2007-09-13,1296
桃園市政府,私立凱育音樂舞蹈短期補習班,,even@kidsmusic.com.tw,音樂、舞蹈類,桃園區,2019-04-02,1296
桃園市政府,私立河合日語短期補習班,,,外語類,桃園區,2001-12-31,1296
桃園市政府,私立靚妍美容美髮技藝短期補習班,,liwanhua955867616@gmail.com,美容、美髮理髮類,桃園區,2021-04-12,1296
桃園市政府,私立角田日語短期補習班,,tsunoda.jp@msa.hinet.net,外語類,桃園區,2019-10-16,1296
桃園市政府,豫章實業有限公司附設私立豫章音樂美術短期補習班,,h068@ms26.hinet.net,音樂、舞蹈類,桃園區,2004-06-09,1296
桃園市政府,台灣知識庫股份有限公司附設私立洋碩百官網甄戰數位學堂文理短期補習班,,woailian93@gmail.com,文理類,桃園區,2006-12-19,1296
桃園市政府,私立鼓動音樂短期補習班,,jennifer@mail.jpg.org.tw,音樂、舞蹈類,桃園區,2010-06-25,1296
桃園市政府,私立禮揚文理美語電腦短期補習班,168,lion6666here@gmail.com,文理類,桃園區,1996-08-23,1296
桃園市政府,私立昊亮文理語文短期補習班,,yeachili@yahoo.com.tw,文理類,桃園區,2007-11-06,1296
桃園市政府,私立喬豐文理短期補習班介壽分班,,Dondateacher@yahoo.com.tw,文理類,桃園區,2010-09-09,1296
桃園市政府,朝陽富元教育股份有限公司附設私立朝揚文理語文短期補習班建國分班,,jy3169958@gmail.com,文理類,桃園區,2019-04-11,1296
桃園市政府,私立思維文理美語短期補習班,,,文理類,桃園區,2001-10-09,1296
桃園市政府,朝陽富元教育股份有限公司附設私立朝揚文理短期補習班,199,bosstony88@gmail.com,文理類,桃園區,1999-04-27,1296
桃園市政府,私立康萊爾美語短期補習班,,cornells@ms34.hinet.net,外語類,桃園區,2014-07-25,1296
桃園市政府,私立智聖多元圍棋短期補習班,,wisdom_go@yahoo.com.tw,美術、書法、攝影、美工設計、圍棋類,桃園區,2007-11-14,1296
桃園市政府,私立英之奇美語短期補習班,,,外語類,桃園區,2004-01-16,1296
桃園市政府,私立瑞汀美語短期補習班,,stellayangg@hotmail.com,外語類,桃園區,2009-12-07,1296
桃園市政府,私立坮大文理短期補習班同德分班,,taiattd@yahoo.com.tw,文理類,桃園區,2004-07-01,1296
桃園市政府,私立高昇成功文理短期補習班,,success8996@gmail.com,文理類,桃園區,2014-05-30,1296
桃園市政府,私立北大文理短期補習班,,beida520@hotmail.com,文理類,桃園區,2007-06-28,1296
桃園市政府,私立立育文理語文短期補習班,,anita19990211@yahoo.com.tw,文理類,桃園區,2009-01-19,1296
桃園市政府,學城文教事業有限公司附設私立學城文理短期補習班,,td2660@meikoschool.com.tw,文理類,桃園區,2019-03-06,1296
桃園市政府,極上教育諮詢股份有限公司附設私立極上塾南平文理短期補習班,,pearlhung8@gmail.com,文理類,桃園區,2022-05-10,1296
桃園市政府,私立大育昇文理短期補習班,,yeswinchamp@gmail.com,文理類,桃園區,2013-06-20,1296
桃園市政府,私立理捷英文短期補習班,,lejetenglish@gmail.com,外語類,桃園區,2019-10-15,1296
桃園市政府,私立子愛舞蹈短期補習班,311,A0988116727@gmail.com,音樂、舞蹈類,桃園區,1973-02-21,1296
桃園市政府,私立艾蜜絲美語短期補習班,,amysenglishstudio@yahoo.com.tw,外語類,桃園區,2006-03-24,1296
桃園市政府,私立正見文理語文短期補習班,,tact.taoyuan50@gmail.com,文理類,桃園區,2015-01-20,1296
桃園市政府,私立壹加壹語文數學珠心算短期補習班,,sinpon8888@yahoo.com.tw,文理類,桃園區,2009-10-13,1296
桃園市政府,私立柏喬美語短期補習班,,,外語類,桃園區,2008-02-18,1296
桃園市政府,私立嘉和語文短期補習班,,hs2176@hess.com.tw,外語類,桃園區,2010-03-15,1296
桃園市政府,私立音樂城堡音樂短期補習班,,lavender1410@yahoo.com.tw,音樂、舞蹈類,桃園區,2012-05-02,1296
桃園市政府,私立一修語文數學短期補習班,79,kuolung.yang@msa.hinet.net,外語類,桃園區,1998-03-09,1296
桃園市政府,私立書藝美術語文短期補習班,,sweet.vivien@msa.hinet.net,外語類,桃園區,2013-12-30,1296
桃園市政府,私立大灣美語短期補習班,,gloria@glo.com.tw,外語類,桃園區,2004-11-03,1296
桃園市政府,私立藝文藝術城堡音樂美術短期補習班,,ching0703@gmail.com,音樂、舞蹈類,桃園區,2020-09-01,1296
桃園市政府,私立帝逵文理技藝短期補習班,,deardikui358@gmail.com,文理類,桃園區,2022-05-27,1296
桃園市政府,私立保羅優質美語短期補習班,,paul.quality.academy@gmail.com,外語類,桃園區,2012-12-03,1296
桃園市政府,私立立進電腦美語文理短期補習班,,,文理類,桃園區,2003-04-04,1296
桃園市政府,私立佳基語文數學短期補習班,,hardakay@gmail.com,文理類,桃園區,2011-10-20,1296
桃園市政府,私立加斯德珠心算短期補習班,,cw61015247@gmail.com,商類：珠算、心算、會計,桃園區,2006-06-16,1296
桃園市政府,私立弈秋圍棋文理短期補習班,,sandy0922ab@yahoo.com.tw,美術、書法、攝影、美工設計、圍棋類,桃園區,2009-03-09,1296
桃園市政府,朝陽富元教育股份有限公司附設私立朝揚文理語文短期補習班慈文分班,,bosstony88@gmail.com,文理類,桃園區,2003-12-08,1296
桃園市政府,私立德宬語文數學文理短期補習班,,,文理類,桃園區,2011-10-12,1296
桃園市政府,私立繆思音樂短期補習班,,muchahuang@gmail.com,音樂、舞蹈類,桃園區,2012-12-27,1296
桃園市政府,私立上華文理語文數學短期補習班,,peilin928928@gmail.com,文理類,桃園區,2018-03-15,1296
桃園市政府,台灣拓人教育事業股份有限公司附設私立拓人文理語文短期補習班,,tact.081201@gmail.com,文理類,桃園區,2014-06-27,1296
桃園市政府,私立尚品語文短期補習班,,cly1112@gmail.com,外語類,桃園區,2017-11-28,1296
桃園市政府,私立科奇美語文理短期補習班,,amber7218@gmail.com,文理類,桃園區,2007-03-26,1296
桃園市政府,私立大立昇文理語文短期補習班同安分班,,Sunrisekidcastle@yahoo.com.tw,文理類,桃園區,2015-12-17,1296
桃園市政府,朝陽富元教育股份有限公司附設私立朝揚文理語文短期補習班同安分班,,bosstony88@gmail.com,文理類,桃園區,2001-08-29,1296
桃園市政府,私立峰韻音樂技藝短期補習班,,amanda1357900@yahoo.com.tw,音樂、舞蹈類,桃園區,2013-07-09,1296
桃園市政府,私立小魔毯語文文理短期補習班,,hym08221130@yahoo.com.tw,文理類,桃園區,2007-02-15,1296
桃園市政府,弋果文化事業股份有限公司附設私立弋果美語文理數學短期補習班,,vivian.huang@eagletw.com,文理類,桃園區,2021-08-06,1296
桃園市政府,私立莫特音樂短期補習班,,Poc17@ms33.hinet.net,音樂、舞蹈類,桃園區,2011-07-22,1296
桃園市政府,私立士群語文數學文理短期補習班,,ckchungshan168@gmail.com,文理類,桃園區,2020-07-23,1296
桃園市政府,私立智聖多元圍棋短期補習班中山分班,,macwild@mail2000.com.tw,美術、書法、攝影、美工設計、圍棋類,桃園區,2017-01-09,1296
桃園市政府,私立皇宇文理數學短期補習班,,huangyu.classroom@gmail.com,文理類,桃園區,2015-09-07,1296
桃園市政府,私立佳祥文理短期補習班,,peiwenlee0807@hotmail..com,文理類,桃園區,2010-10-28,1296
桃園市政府,私立馬克安美語短期補習班,,markann0617@gmail.com,外語類,桃園區,2003-09-04,1296
桃園市政府,私立科恩美語短期補習班,,katy56888@gmail.com,外語類,桃園區,2004-09-06,1296
桃園市政府,私立兒童星球美語短期補習班,,brendahuang55@gmail.com,外語類,桃園區,2008-11-21,1296
桃園市政府,私立英才美語短期補習班,,mandy21831@gmail.com,外語類,桃園區,2009-06-16,1296
桃園市政府,私立奇瓦迪語文數學自然短期補習班,,ninie1211@yahoo.com.tw,外語類,桃園區,2001-10-09,1296
桃園市政府,私立永旭美語短期補習班,,hotairballoon888@gmail.com,外語類,桃園區,2011-03-14,1296
桃園市政府,私立克蘿伊語文短期補習班,,pisces.chloe@msa.hinet.net,外語類,桃園區,2011-04-27,1296
桃園市政府,私立普林斯頓語文數學短期補習班,,Princeton3703865@gmail.com,外語類,桃園區,2015-04-28,1296
桃園市政府,斐然文教有限公司附設私立頂級文理短期補習班,,chungshan.ty@eagletw.com,外語類,桃園區,2018-12-22,1296
桃園市政府,私立又福美語短期補習班,,bb054@joy.com.tw,外語類,桃園區,2012-04-11,1296
桃園市政府,私立永好數學文理短期補習班,,forever.subsist@gmail.com,文理類,桃園區,2014-10-30,1296
桃園市政府,私立立偉文理語文短期補習班,,envon2002@gmail.com,文理類,桃園區,2009-03-17,1296
桃園市政府,私立中山語文短期補習班,,chungshan1179@gmail.com,外語類,桃園區,2019-07-25,1296
桃園市政府,私立如合學語文文理短期補習班,,gram.tycs@gmail.com,文理類,桃園區,2016-11-30,1296
桃園市政府,私立起點文理短期補習班,,enlighten202104@gmail.com,文理類,桃園區,2022-06-17,1296
桃園市政府,私立亞果語文文理短期補習班,,g22501787@hotmail.com.tw,文理類,桃園區,2014-08-22,1296
桃園市政府,私立福華英語會話短期補習班,,,外語類,桃園區,1999-07-19,1296
桃園市政府,私立日昇文理短期補習班,157,sun3251093@yahoo.com.tw,文理類,桃園區,1997-05-19,1296
桃園市政府,私立富國機電短期補習班,,zijie8001@gmail.com,電機、汽車修護、建築、工藝、製圖類,桃園區,2021-04-08,1296
桃園市政府,私立富民機電短期補習班,212,,電機、汽車修護、建築、工藝、製圖類,桃園區,1978-01-04,1296
桃園市政府,私立誠功文理短期補習班,186,tycg3366799@gmail.com,文理類,桃園區,1998-06-01,1296
桃園市政府,私立聯名電腦短期補習班,,lccnet.lc07@msa.hinet.net,資訊類,桃園區,2004-05-05,1296
桃園市政府,驅勢文教事業有限公司附設私立聖三一語文短期補習班,,service@wkedu.com.tw,外語類,桃園區,2010-12-21,1296
桃園市政府,私立康妮斯語文短期補習班,,yangmin.chaoshun@gmail.com,外語類,桃園區,2005-10-06,1296
桃園市政府,巨匠電腦股份有限公司附設私立巨將美語短期補習班,362,allen.tsai@pcschool.com.tw,外語類,桃園區,1987-07-31,1296
桃園市政府,私立英代語文短期補習班,,egl@egl.com.tw,外語類,桃園區,2003-07-24,1296
桃園市政府,私立聯成一語文短期補習班,,james@abcgo.com.tw,外語類,桃園區,2018-05-25,1296
桃園市政府,私立林美志舞蹈短期補習班,,chrislin0815@yahoo.com.tw,音樂、舞蹈類,桃園區,2002-10-23,1296
桃園市政府,私立昊德大有文理語文短期補習班,,yeachili@yahoo.com.tw,文理類,桃園區,2011-06-16,1296
桃園市政府,私立道霖文理短期補習班,435,doulints95@yahoo.ocm.tw,文理類,桃園區,2000-11-16,1296
桃園市政府,朝陽富元教育股份有限公司附設私立朝揚文理語文短期補習班大有二班,,jy3169958@gmail.com,文理類,桃園區,2018-06-20,1296
桃園市政府,私立崴廉美語短期補習班,,chiayinfanfan@gmail.com,外語類,桃園區,2006-06-09,1296
桃園市政府,私立瑪利歐英語短期補習班,,neurolinkty@gmail.com,外語類,桃園區,2010-09-07,1296
桃園市政府,朝陽富元教育股份有限公司附設私立朝揚文理語文短期補習班大有分班,,bosstony88@gmail.com,文理類,桃園區,2006-11-01,1296
桃園市政府,私立佳有文理語文數學短期補習班,,,文理類,桃園區,2016-03-11,1296
桃園市政府,私立智聖多元圍棋短期補習班大有分班,,wisdom_go@yahoo.com.tw,其他類,桃園區,2009-06-03,1296
桃園市政府,私立蘇沛美術短期補習班,,mayalengood@yahoo.com.tw,美術、書法、攝影、美工設計、圍棋類,桃園區,2004-11-16,1296
桃園市政府,私立墨菲音樂短期補習班,,alltaco@hotmail.com,音樂、舞蹈類,桃園區,2006-11-01,1296
桃園市政府,私立英加語文數學短期補習班,,frances.yang@seed.net.com,外語類,桃園區,2012-03-29,1296
桃園市政府,私立優尼可語文文理短期補習班,,tlarry6688@gmail.com,文理類,桃園區,2008-06-11,1296
桃園市政府,誠寬文教有限公司附設私立享數學文理短期補習班,,ckem3927@gmail.com,文理類,桃園區,2013-12-30,1296
桃園市政府,私立法雅音樂短期補習班,,falla3165777@yahoo.com.tw,音樂、舞蹈類,桃園區,2012-06-28,1296
桃園市政府,私立宇凡文理語文短期補習班,,ohmydear88@hotmail.com,文理類,桃園區,2015-11-23,1296
桃園市政府,私立鍩渧音樂短期補習班,,notiz.music@gmail.com ,音樂、舞蹈類,桃園區,2016-04-21,1296
桃園市政府,私立三民文理數學美語短期補習班大業分班,,Giraffe10002@yahoo.com.tw,文理類,桃園區,2010-10-21,1296
桃園市政府,劍橋國際留遊學有限公司附設私立劍橋國際語文短期補習班,,jlhenrychang@gmail.com,外語類,桃園區,2016-04-27,1296
桃園市政府,私立大灣美語短期補習班大業分班,,gloria@glo.com.tw,外語類,桃園區,2007-01-24,1296
桃園市政府,私立立達文理數學短期補習班,,blackjack0318@icloud.com,文理類,桃園區,2019-03-07,1296
桃園市政府,私立萊恩英語短期補習班,391,,外語類,桃園區,1999-08-23,1296
桃園市政府,私立愛菲爾音樂短期補習班,,shyhminchen@seed.net.tw,音樂、舞蹈類,桃園區,2008-09-01,1296
桃園市政府,私立總部奧斯汀美語作文短期補習班,,austin.english@msa.hinet.net,外語類,桃園區,2014-12-25,1296
桃園市政府,私立悅迪語文文理短期補習班,,freered1006@gmail.com,文理類,桃園區,2009-10-08,1296
桃園市政府,私立大文豪語文文理短期補習班,,gonobel@seed.net.tw,文理類,桃園區,2007-01-22,1296
桃園市政府,私立李紹陽文理語文短期補習班中正分班,,,文理類,桃園區,2007-05-30,1296
桃園市政府,私立坮大文理短期補習班慈文分班,,taiattd@yahoo.com.tw,文理類,桃園區,2002-03-28,1296
桃園市政府,明光文化有限公司附設私立明光語文文理短期補習班,,m3461919@meikoschool.com.tw,文理類,桃園區,2019-01-10,1296
桃園市政府,百世教育科技股份有限公司附設私立百世文理短期補習班同安分班,,nan-kan@pai-shih.com.tw,文理類,桃園區,2013-04-24,1296
桃園市政府,私立高群文理美語短期補習班,,pc3414998@gmail.com,文理類,桃園區,2001-07-27,1296
桃園市政府,私立北一文理美語數學短期補習班慈文分班,,peii.tzuwen@gmail.com,文理類,桃園區,2021-08-27,1296
桃園市政府,私立快樂瑪麗安美語短期補習班,,albertchiu56@yahoo.com.tw,外語類,桃園區,2010-06-04,1296
桃園市政府,私立高階得人文理美語短期補習班,,u486160111@yahoo.com.tw,文理類,桃園區,2007-12-27,1296
桃園市政府,樹根教育股份有限公司附設私立千友創意文理技藝短期補習班,,u8633045@yahoo.com.tw,外語類,桃園區,2015-01-29,1296
桃園市政府,私立立維文理語文短期補習班,,poni1815@yahoo.com.tw,文理類,桃園區,2019-11-15,1296
桃園市政府,私立安傑立美語短期補習班,,penny.annie522@gmail.com,外語類,桃園區,2006-11-07,1296
桃園市政府,私立雙博士美語短期補習班,,george.choua@gmail.com,外語類,桃園區,2011-11-30,1296
桃園市政府,私立阿奇斯美術短期補習班,,ccg6111@yahoo.com.tw,美術、書法、攝影、美工設計、圍棋類,桃園區,2006-11-30,1296
桃園市政府,私立老獅美術短期補習班,,a0926480883@gmail.com,美術、書法、攝影、美工設計、圍棋類,桃園區,2015-06-09,1296
桃園市政府,私立派思技藝短期補習班,,steven@appleplus.com.tw,其他類,桃園區,2012-08-15,1296
桃園市政府,私立杜佳倫舞蹈短期補習班,,nancydu90313@yahoo.com.tw,音樂、舞蹈類,桃園區,2020-01-22,1296
桃園市政府,私立宏昌美語短期補習班,,families203@gmail.com,外語類,桃園區,2006-07-19,1296
桃園市政府,私立拉赫曼音樂短期補習班,,rachman032289851@gmail.com,音樂、舞蹈類,桃園區,2015-08-24,1296
桃園市政府,私立勁草美語短期補習班,454,yun4728@gmail.com,外語類,桃園區,2001-03-09,1296
桃園市政府,私立小立偉語文數學自然短期補習班,,3705450@gmail.com,外語類,桃園區,2021-04-26,1296
桃園市政府,私立巧沛音樂短期補習班,,yenju0923@yahoo.com.tw,音樂、舞蹈類,桃園區,2008-08-25,1296
桃園市政府,私立卡布卡美術短期補習班,,Kabuka2003@gmail.com,美術、書法、攝影、美工設計、圍棋類,桃園區,2005-01-31,1296
桃園市政府,私立優勢國際美語數學短期補習班,,Una1972u@yahoo.com.tw,外語類,桃園區,2020-05-22,1296
桃園市政府,私立宏利數學文理語文短期補習班,,h3306001@gmail.cpm,文理類,桃園區,2019-02-25,1296
桃園市政府,私立創藝家美術音樂短期補習班,,hu.yulun@gmail.com,音樂、舞蹈類,桃園區,2007-09-21,1296
桃園市政府,私立邱珮筠英語短期補習班,,chiyu0115@gmail.com,外語類,桃園區,2013-02-07,1296
桃園市政府,私立舞荳音樂舞蹈短期補習班,,woodou168@gmail.com,音樂、舞蹈類,桃園區,2013-09-25,1296
桃園市政府,私立育全文理短期補習班,,yuck7181@yahoo.com.tw,外語類,桃園區,2018-09-06,1296
桃園市政府,私立悅善美語文理短期補習班,,yeskid369@yesnatural.com.tw,文理類,桃園區,2017-12-29,1296
桃園市政府,私立芸瀚英語短期補習班,,jannywang@kimo.com,外語類,桃園區,2003-02-06,1296
桃園市政府,私立新銳圍棋短期補習班,,xinruigo6@yahoo.com.tw,美術、書法、攝影、美工設計、圍棋類,桃園區,2018-06-14,1296
桃園市政府,私立大韋文理語文美術珠心算短期補習班,,shutzuyang@gmail.com,文理類,桃園區,2008-07-30,1296
桃園市政府,私立建國語文短期補習班,,jianguo3630351@gmail.com,外語類,桃園區,2020-05-08,1296
桃園市政府,私立晉儒語文數學短期補習班,,amy.konwen@gmail.com,文理類,桃園區,2020-10-23,1296
桃園市政府,朝陽富元教育股份有限公司附設私立朝揚文理語文短期補習班福豐分班,,jy3169958@gmail.com,文理類,桃園區,2008-12-16,1296
桃園市政府,私立英學美語音樂短期補習班,,a0928874506@gmail.com,外語類,桃園區,2005-12-21,1296
桃園市政府,私立必勝文理美語數學短期補習班,,bs3775000@gmail.com,文理類,桃園區,2006-07-05,1296
桃園市政府,私立建德文理美語短期補習班,444,thomas40605@yahoo.com.tw,文理類,桃園區,2001-02-22,1296
桃園市政府,私立蕎伊音樂短期補習班,,revery2674@yahoo.com.tw,音樂、舞蹈類,桃園區,2011-11-11,1296
桃園市政府,私立優越珠心算文理短期補習班,,a0916958761@gmail.com,文理類,桃園區,2000-08-03,1296
桃園市政府,私立溫蒂語文短期補習班,,ben.csyang@msa.hinet.net,外語類,桃園區,2000-04-15,1296
桃園市政府,私立李紹陽文理語文短期補習班升大學站前分班,,sylee.victor3@gmail.com,文理類,桃園區,2011-04-18,1296
桃園市政府,私立文城文理短期補習班,,homewinchamp@gmail.com,文理類,桃園區,2003-12-04,1296
桃園市政府,私立鐘老師語文短期補習班,,,外語類,桃園區,2006-12-26,1296
桃園市政府,私立貝爾莎莉美容美髮短期補習班,,a0920550989@gmail.com,美容、美髮理髮類,桃園區,2007-03-30,1296
桃園市政府,菁英國際文教事業有限公司桃園分公司附設私立菁英國際語文短期補習班,,accountant@language-center.com.tw,外語類,桃園區,2008-01-08,1296
桃園市政府,私立時代國際語文短期補習班,,johnman@language-world.com.tw,外語類,桃園區,2011-04-22,1296
桃園市政府,志光教育科技股份有限公司附設私立志光文理法商短期補習班,,moumi0920@hotmail.com,文理類,桃園區,2014-11-25,1296
桃園市政府,私立昊德文理語文短期補習班,141,yeachili@yahoo.com.tw,文理類,桃園區,1995-11-03,1296
桃園市政府,私立河音音樂短期補習班,,a2497466@yahoo.com.tw,音樂、舞蹈類,桃園區,2020-11-11,1296
桃園市政府,私立奧林匹克文理技藝短期補習班,,olpcmath@ms66.hinet.net,文理類,桃園區,2005-12-08,1296
桃園市政府,私立翰樺美語珠算短期補習班,,kev670417@yahoo.com.tw,外語類,桃園區,2002-11-13,1296
桃園市政府,私立一文美語文理短期補習班,,ppppppppp29@gmail.com,文理類,桃園區,2007-08-27,1296
桃園市政府,私立馬克思文理技藝短期補習班,,Maxmaxwin393@gmail.com,文理類,桃園區,2018-06-22,1296
桃園市政府,私立興儒數學語文文理短期補習班市府分班,,ty033349333@gmail.com,文理類,桃園區,2020-04-14,1296
桃園市政府,私立派大技藝短期補習班,,qmo0204@gmail.com,電機、汽車修護、建築、工藝、製圖類,桃園區,2018-04-30,1296
桃園市政府,私立明冠語文文理短期補習班,,a0952296921@gmail.com,文理類,桃園區,2002-08-02,1296
桃園市政府,優質坮大教育股份有限公司附設私立優質坮大文理短期補習班市府分班,,t3392525@yahoo.com.tw,文理類,桃園區,1996-03-16,1296
桃園市政府,私立風禾日光語文數學短期補習班,,hs2230@hess.com.tw,外語類,桃園區,2021-10-06,1296
桃園市政府,劉氏文教事業股份有限公司附設私立劉氏慈文作文文理短期補習班,,lydia.wang@liueducation.com,文理類,桃園區,2019-08-20,1296
桃園市政府,私立律查文理短期補習班,,rc.cramschool@gmail.com,文理類,桃園區,2013-09-02,1296
桃園市政府,私立偉華英語會話短期補習班,396,,外語類,桃園區,1984-10-24,1296
桃園市政府,私立一二三速讀短期補習班,370,iju.yang09@gmail.com,速讀類,桃園區,1991-01-03,1296
桃園市政府,格蘭事業股份有限公司附設私立格蘭英語文理短期補習班,,t2428251@yahoo.com.tw,文理類,桃園區,2014-07-17,1296
桃園市政府,私立中國青年反共救國團桃園縣團務指導委員會附設私立語文技藝短期補習班,102,tyntc@cyc.tw,外語類,桃園區,1999-05-03,1296
桃園市政府,地球村出版有限公司桃園分公司附設私立福爾摩沙地球村語文短期補習班,53,,外語類,桃園區,1996-04-19,1296
桃園市政府,私立宇飛語文數學文理短期補習班,,juanyumin@gmail.com,文理類,桃園區,2020-12-30,1296
桃園市政府,得勝者文教股份有限公司附設私立選才文理短期補習班,,,文理類,桃園區,2015-04-21,1296
桃園市政府,朝陽富元教育股份有限公司附設私立朝揚升大文理短期補習班,,jy3169958@gmail.com,文理類,桃園區,2021-05-05,1296
桃園市政府,私立引舞短期補習班,349,leadingdancetaiwan@gmail.com,音樂、舞蹈類,桃園區,1997-11-28,1296
桃園市政府,私立陳峰文理短期補習班,,blackmann189@gmail.com,文理類,桃園區,2011-03-29,1296
桃園市政府,社團法人中國青年救國團附設私立景福技藝短期補習班,,090903@cyc.tw,家政、插花、烹飪類,桃園區,2019-03-12,1296
桃園市政府,私立精銳技藝短期補習班,,xinruigo6@yahoo.com.tw,美術、書法、攝影、美工設計、圍棋類,桃園區,2022-06-23,1296
桃園市政府,私立傑瑞語文短期補習班,,,外語類,桃園區,2009-07-01,1296
桃園市政府,私立小王子音樂短期補習班,,,音樂、舞蹈類,桃園區,2014-04-03,1296
桃園市政府,私立芬妮文理短期補習班,,monlintsai@gmail.com,文理類,桃園區,2022-02-18,1296
桃園市政府,私立大立昇美語短期補習班,,,外語類,桃園區,2000-03-22,1296
桃園市政府,私立藝文美語短期補習班,,s926405@mail.yzu.edu.tw,外語類,桃園區,2010-11-23,1296
桃園市政府,私立巴洛克音樂短期補習班,,dennis_0915@yahoo.com.tw,音樂、舞蹈類,桃園區,2011-06-08,1296
桃園市政府,私立樂生活美語短期補習班,,Sylvia319031@gmail.com,外語類,桃園區,2011-06-30,1296
桃園市政府,私立點創舞蹈短期補習班,,cdtcreativ@yahoo.com.tw,音樂、舞蹈類,桃園區,2009-04-07,1296
桃園市政府,私立坮大文理短期補習班,,taiattd@yahoo.com.tw,文理類,桃園區,2013-03-21,1296
桃園市政府,私立華府語文短期補習班,,dclangcc@gmail.com,外語類,桃園區,2018-07-30,1296
桃園市政府,私立元智美語技藝短期補習班,,q132su@yahoo.com.tw,外語類,桃園區,2006-03-24,1296
桃園市政府,私立學林美語短期補習班,,sylviayang0302@gmail.com,外語類,桃園區,2004-05-13,1296
桃園市政府,私立育華語文文理數學短期補習班,85,stevencorinna33@gmail.com,文理類,桃園區,1998-09-22,1296
桃園市政府,私立布拉姆珠心算短期補習班,447,muu3769782@yahoo.com.tw,商類：珠算、心算、會計,桃園區,2001-02-16,1296
桃園市政府,私立小育昇美語短期補習班,,littleyusheng@gmail.com,外語類,桃園區,2003-08-28,1296
桃園市政府,私立九歌美語作文珠心算短期補習班,,a0933938126@gmail.com,外語類,桃園區,2002-12-09,1296
桃園市政府,私立文燁美語短期補習班,,,外語類,桃園區,2006-01-04,1296
桃園市政府,私立吉優美語數學短期補習班,,,外語類,桃園區,2015-02-26,1296
桃園市政府,私立永學語文數學短期補習班,,Sandy.c0929@msa.hinet.net,外語類,桃園區,2021-09-10,1296
桃園市政府,私立尼爾森美語短期補習班,,powernelson98@gmail.com,外語類,桃園區,2001-12-27,1296
桃園市政府,私立吾師數學美語珠心算短期補習班,242,0963061579h@gmail.com,外語類,桃園區,1991-11-04,1296
桃園市政府,私立新冠智文理語文數學短期補習班,,jjay0318@gmail.com,文理類,桃園區,2020-06-02,1296
桃園市政府,私立雪米文理短期補習班,,s0921200685@gmail.com,文理類,桃園區,2022-05-02,1296
桃園市政府,私立東區美語珠心算短期補習班,,ss1939s@gmail.com,外語類,桃園區,2000-08-03,1296
桃園市政府,興園股份有限公司附設私立薇爾語文文理技藝短期補習班,,,外語類,桃園區,2005-02-17,1296
桃園市政府,私立惠文文理美語數學短期補習班,,fu3670286@yahoo.com.tw,文理類,桃園區,2002-03-21,1296
桃園市政府,私立童畫家族美術短期補習班,,wenyichieh@hotmail.com.tw,美術、書法、攝影、美工設計、圍棋類,桃園區,2015-01-30,1296
桃園市政府,私立皇家貝爾文理語文數學短期補習班,,royal.bear106@msa.himet.net,文理類,桃園區,2017-05-01,1296
桃園市政府,私立耕德語文美術短期補習班,,jean870122@gmail.com,外語類,桃園區,2016-03-29,1296
桃園市政府,私立全盈技藝短期補習班,,liu1001tw@yahoo.com.tw,商類：珠算、心算、會計,桃園區,2004-12-14,1296
桃園市政府,私立子曰美語數學自然短期補習班,,kenny901003@yahoo.com.tw,文理類,桃園區,2007-05-30,1296
桃園市政府,私立貝多芬語文珠心算短期補習班,,youliwenclaba@yahoo.com.tw,外語類,桃園區,2009-10-06,1296
桃園市政府,私立信義數學文理語文短期補習班,,yaping531218@gmail.com,文理類,桃園區,2019-03-06,1296
桃園市政府,朝陽富元教育股份有限公司附設私立朝揚文理短期補習班大業分班,,jy3169958@gmail.com,文理類,桃園區,2021-04-15,1296
桃園市政府,私立大業喬陽文理美語數學短期補習班,,chiayinfanfan@gmail.com,文理類,桃園區,2013-06-14,1296
桃園市政府,私立約瑟芬美語短期補習班,,t0918329587@gmail.com,外語類,桃園區,2000-02-17,1296
桃園市政府,私立夏淑儀語文短期補習班,,kenken23178@yahoo.com.tw,文理類,桃園區,2018-02-02,1296
桃園市政府,私立大瑀文理短期補習班,,dysnet.tang@msa.hinet.net,文理類,桃園區,2003-05-06,1296
桃園市政府,私立桃園龍太美術短期補習班,,a61072@hotmail.com,美術、書法、攝影、美工設計、圍棋類,桃園區,2010-06-22,1296
桃園市政府,私立宇登文理短期補習班,,uj3321035@yahoo.com.tw,文理類,桃園區,2003-12-04,1296
桃園市政府,私立中華電腦短期補習班,369,eva@csatc.com,資訊類,桃園區,2003-05-23,1296
桃園市政府,私立新非凡語文短期補習班,,a1314422681@gmail.com,外語類,桃園區,2010-10-04,1296
桃園市政府,私立津橋美語短期補習班,,,外語類,桃園區,2014-02-25,1296
桃園市政府,私立超群英語會話短期補習班,16,helencatcat1017@gmail.com,外語類,桃園區,1986-05-03,1296
桃園市政府,巨匠電腦股份有限公司桃園分公司附設私立炬匠電腦短期補習班,,allen.tsai@pcschool.com.tw,資訊類,桃園區,2008-06-17,1296
桃園市政府,私立一心時代語文短期補習班,,,外語類,桃園區,2002-07-09,1296
桃園市政府,私立明治語文短期補習班,,japangostaff@gmail.com,外語類,桃園區,2002-08-28,1296
桃園市政府,私立達民法商短期補習班,,enjoylife0800@gmail.com,法政類,桃園區,2010-12-15,1296
桃園市政府,私立悠學文理技藝短期補習班,,Ustudy080@gmail.com,文理類,桃園區,2019-12-04,1296
桃園市政府,私立慧揚文理短期補習班,,arwernge@gmail.com,文理類,桃園區,2003-03-07,1296
桃園市政府,私立儒林文理短期補習班,,aliaru2829@gmail.com,文理類,桃園區,2001-06-22,1296
桃園市政府,大龍海文化事業有限公司附設私立大總統法商短期補習班,248,Sky013469@gmail.com,法政類,桃園區,1994-12-13,1296
桃園市政府,私立可娃拉美語短期補習班,,maliccoco0504@gmail.com,外語類,桃園區,2021-08-16,1296
桃園市政府,私立風雲閣文理短期補習班,,imicon2020@gmail.com,文理類,桃園區,2021-04-19,1296
桃園市政府,私立李紹陽文理語文短期補習班同德分班,,,文理類,桃園區,2011-01-26,1296
桃園市政府,私立立傑語文短期補習班,47,,外語類,桃園區,1994-05-12,1296
桃園市政府,私立高第文理語文短期補習班,,chin_chin@yahoo.com.tw,文理類,桃園區,2009-08-03,1296
桃園市政府,立譜文教興業有限公司附設私立立譜語文數學短期補習班,,yongshun.ty@eagletw.com,外語類,桃園區,2016-12-06,1296
桃園市政府,私立普羅語文短期補習班,,cly1112@gmail.com,外語類,桃園區,2008-12-17,1296
桃園市政府,私立小蒲公英數學文理美語作文短期補習班永順分班,,dandelionyses@gmail.com,文理類,桃園區,2020-12-07,1296
桃園市政府,私立穎學技藝短期補習班,,coinrobot@gmail.com,其他類,桃園區,2017-07-28,1296
桃園市政府,私立潘達語文文理短期補習班,,,文理類,桃園區,2014-09-19,1296
桃園市政府,私立佳士得語文數學短期補習班,,contact@remenary.com,外語類,桃園區,2014-02-25,1296
桃園市政府,私立葛洛莉英語短期補習班武陵分班,,gloria@glo.com.tw,外語類,桃園區,2007-09-07,1296
桃園市政府,私立琢思文理語文數學短期補習班,,orchid41095@gmail.com,文理類,桃園區,2015-05-01,1296
桃園市政府,優質坮大教育股份有限公司附設私立優質坮大文理短期補習班中興分班,181,t3392525@yahoo.com.tw,文理類,桃園區,1998-10-27,1296
桃園市政府,私立麥思特彼斯文理語文數學短期補習班,,dawsontu@hotmail.com,文理類,桃園區,2020-10-05,1296
桃園市政府,私立乘究文理美語數學短期補習班,,hardakay@gmail.com,文理類,桃園區,2017-08-10,1296
桃園市政府,私立華葳美語短期補習班,,dawsontu@hotmail.com,外語類,桃園區,2007-10-09,1296
桃園市政府,優質坮大教育股份有限公司附設私立優質坮大文理短期補習班,,t3392525@yahoo.com.tw,文理類,桃園區,2010-12-17,1296
桃園市政府,私立美育新桃音樂舞蹈短期補習班,,mjh8988@yahoo.com.tw,音樂、舞蹈類,桃園區,2015-10-02,1296
桃園市政府,私立西雅圖美日語短期補習班,,graham@seattle.com.tw,外語類,桃園區,2008-06-20,1296
桃園市政府,私立昇達3號數學文理短期補習班,,jicelynlee@gmail.com,文理類,桃園區,2018-05-04,1296
桃園市政府,私立李紹陽文理語文短期補習班,,readwrite.sylee@gmail.com,文理類,桃園區,2006-07-24,1296
桃園市政府,私立名人電機短期補習班,207,h369.e4186@msa.hinet.net,電機、汽車修護、建築、工藝、製圖類,桃園區,1984-04-25,1296
桃園市政府,私立為光圍棋短期補習班,,a551124@seed.net.tw,美術、書法、攝影、美工設計、圍棋類,桃園區,2010-06-01,1296
桃園市政府,私立拓致文理語文短期補習班,,,文理類,桃園區,2014-06-19,1296
桃園市政府,私立李紹陽文理語文數學短期補習班自強分班,,,文理類,桃園區,2008-03-19,1296
桃園市政府,私立蘇荷美術短期補習班青溪分班,,sohomary@sohoart.com.tw,美術、書法、攝影、美工設計、圍棋類,桃園區,2008-12-12,1296
桃園市政府,朝陽富元教育股份有限公司附設私立朝揚林肯數學文理語文短期補習班,,,文理類,桃園區,2009-06-12,1296
桃園市政府,朝陽富元教育股份有限公司附設私立朝揚文理短期補習班莊敬分班,,bosstony88@gmail.com,外語類,桃園區,2001-11-09,1296
桃園市政府,私立奧斯汀文理短期補習班國際教育分班,,austinclaire0505@gmail.com,文理類,桃園區,2022-03-15,1296
桃園市政府,私立辰學語文文理數學短期補習班,,coldunicorn@hotmail.com,文理類,桃園區,2020-09-28,1296
桃園市政府,私立唯心數學短期補習班,,mpmmath218@gmail.com,文理類,桃園區,2014-04-28,1296
桃園市政府,私立奧斯汀美語作文短期補習班菁英領袖分班,,austinclaire0505@gmail.com,外語類,桃園區,2018-08-13,1296
桃園市政府,私立大立昇語文短期補習班莊敬分班,,albert541003@gmail.com,外語類,桃園區,2007-09-07,1296
桃園市政府,私立愛子語文短期補習班,,,外語類,桃園區,2006-12-19,1296
桃園市政府,私立南加達美語文理短期補習班,,tsengcoral@gmail.com,外語類,桃園區,2004-01-07,1296
桃園市政府,私立洛荋得美語短期補習班,,terriym_98@hotmail.com,外語類,桃園區,2007-05-21,1296
桃園市政府,私立奧斯汀美語作文短期補習班,,austin.english@msa.hinet.net,外語類,桃園區,2013-08-27,1296
桃園市政府,私立巴比美語短期補習班,,joylin36@gmail.com,外語類,桃園區,2004-06-03,1296
桃園市政府,私立山谷音樂短期補習班莊敬分班,,Yamaha.valley@msa.hinet.net,音樂、舞蹈類,桃園區,2013-07-10,1296
桃園市政府,私立福豐喬豐文理數學語文短期補習班,,dondateacher@yahoo.com.tw,文理類,桃園區,2011-11-16,1296
桃園市政府,私立比利美語短期補習班,,kangkckimo@gmail.com,外語類,桃園區,2002-12-25,1296
桃園市政府,朝陽富元教育股份有限公司附設私立朝揚米其文理短期補習班,,,外語類,桃園區,2001-07-10,1296
桃園市政府,私立博誠語文數學技藝短期補習班,,play.math@msa.hinet.net,外語類,桃園區,2007-12-25,1296
桃園市政府,私立致誠文理數學短期補習班,,fulow0320@yahoo.com.tw,文理類,桃園區,2017-10-06,1296
桃園市政府,私立青溪文理語文短期補習班,,zoechou1@gmail.com,文理類,桃園區,2007-07-04,1296
桃園市政府,私立元鉝文理語文短期補習班,,yong.lee@msa.hinet.net,文理類,桃園區,2001-03-28,1296
桃園市政府,私立青溪格蘭英語文理短期補習班,,cs@gram.com.tw,文理類,桃園區,2014-04-28,1296
桃園市政府,私立親欣語文短期補習班,,boss224466@gmail.com,外語類,桃園區,2001-08-23,1296
桃園市政府,私立傑生語文數學文理短期補習班,,jennychen0307@gmail.com,文理類,桃園區,2019-02-22,1296
桃園市政府,私立育昇文理數學美語自然短期補習班,,ys3645050@yahoo.com.tw,文理類,桃園區,2001-12-06,1296
桃園市政府,私立高慧生文理短期補習班,,khs3662556@gmail.com,文理類,桃園區,2010-12-22,1296
桃園市政府,私立喬豐文理數學語文短期補習班,,Dondateacher@yahoo.com.tw,文理類,桃園區,2007-07-30,1296
桃園市政府,私立陞恩美語文理短期補習班,,Norman.kn.tang@gmail.com,文理類,桃園區,2013-07-15,1296
桃園市政府,私立精緻語文短期補習班,,ab612020ab20@yahoo.com.tw,外語類,桃園區,2010-09-06,1296
桃園市政府,私立冠倫文理美語美術短期補習班,,volleyer93@yahoo.com.tw,文理類,桃園區,2004-11-03,1296
桃園市政府,私立李勳數學文理短期補習班,,lisyun.m@gmail.com,文理類,桃園區,2014-02-21,1296
桃園市政府,私立柏林語文文理短期補習班,,bolinei@outlook.com,文理類,桃園區,2009-11-16,1296
桃園市政府,私立芙西爾美語文理短期補習班,,a22772265@yahoo.com.tw,文理類,桃園區,2002-07-04,1296
桃園市政府,私立利百加語文數學短期補習班龍山分班,,,外語類,桃園區,2004-11-19,1296
桃園市政府,私立佑晉美語數學短期補習班,,elleen@superfish.ath.cx,外語類,桃園區,2005-07-13,1296
桃園市政府,私立振揚美語珠心算短期補習班,,,商類：珠算、心算、會計,桃園區,2003-03-19,1296
桃園市政府,私立立德菁英語文數學短期補習班,,jordanlongan42@yahoo.com.tw,文理類,桃園區,2016-05-10,1296
桃園市政府,私立育昇大成文理語文短期補習班,,ysdc3765350@gmail.com,文理類,桃園區,2015-11-20,1296
桃園市政府,私立喬智美語語文文理短期補習班,,jack0410g@gmail.com,文理類,桃園區,2001-08-28,1296
桃園市政府, 私立余強文理短期補習班,,Pyng223@hotmail.com,文理類,桃園區,2009-05-13,1296
桃園市政府, 私立宜圓語文短期補習班,,fy3217959@funyale.net,外語類,桃園區,2009-04-14,1296
桃園市政府,私立宏育文理語文數學短期補習班,,wulisa1011@yahoo.com.tw,外語類,桃園區,2014-05-06,1296
桃園市政府,私立捷妮思語文文理短期補習班,,annie.chang199@gmail.com,文理類,楊梅區,2019-07-05,1296
桃園市政府,私立冠荏語文數學文理短期補習班,,te10980225435@gmail.com,文理類,楊梅區,2020-09-14,1296
桃園市政府,私立小瓢蟲美語短期補習班,96,ladybug.eng@gmail.com,外語類,楊梅區,1999-03-24,1296
桃園市政府,私立英斯特文理美語短期補習班,,instant8770@gmail.com,文理類,楊梅區,2006-06-02,1296
桃園市政府,私立胡桃鉗美語短期補習班,,yangmei688@yahoo.com,外語類,楊梅區,2005-08-26,1296
桃園市政府,私立民儒語文短期補習班,,sarah6.chung@msa.hinet.net,外語類,楊梅區,2001-06-18,1296
桃園市政府,私立勤學美語數學短期補習班,,m875205@yahoo.com.tw,外語類,楊梅區,2016-02-25,1296
桃園市政府,私立伯特利音樂藝術短期補習班,,esther0911.wang@gmail.com,音樂、舞蹈類,楊梅區,2004-12-27,1296
桃園市政府,私立金捷升數學語文文理短期補習班,,4882070@gmail.com,文理類,楊梅區,2020-06-29,1296
桃園市政府,私立林老師美語珠心算短期補習班富岡分班,,Ss4785443@yahoo.com,外語類,楊梅區,2011-12-02,1296
桃園市政府,私立莊老師文理語文短期補習班,,rex.weber@kimo.com,文理類,楊梅區,2011-11-10,1296
桃園市政府,私立馬林魚美語文理短期補習班,,tz0609@yahoo.com.tw,文理類,楊梅區,2008-04-28,1296
桃園市政府,私立優可學堂文理短期補習班,,mathmax182327@gmail.com,文理類,楊梅區,2018-01-23,1296
桃園市政府,私立承恩語文數學短期補習班,,d0937539835@yahoo.com.tw,外語類,楊梅區,2004-12-16,1296
桃園市政府,私立大衛與費雯莉英語短期補習班,,dvenglish2021@gmail.com,外語類,楊梅區,2008-07-01,1296
桃園市政府,私立勝豐美語珠心算短期補習班,,li996110@gmail.com,外語類,楊梅區,2002-02-20,1296
桃園市政府,私立政大聯合語文短期補習班,,sleepriver@yahoo.com.tw,外語類,楊梅區,2012-10-17,1296
桃園市政府,私立佶利美語短期補習班,,m875205@yahoo.com.tw,外語類,楊梅區,2004-05-25,1296
桃園市政府,私立智瀚語文短期補習班,,april.chen1977@gmail.com,外語類,楊梅區,2012-06-04,1296
桃園市政府,私立漢峰語文文理短期補習班,,,文理類,楊梅區,2003-08-19,1296
桃園市政府,私立喬立安美語短期補習班,,joannestw@gmail.com,外語類,楊梅區,2008-06-04,1296
桃園市政府,私立李紹陽揚眉文理語文數學短期補習班,,,文理類,楊梅區,2021-09-13,1296
桃園市政府,私立望遠鏡文理語文短期補習班,,telescopeservice.com@gmail.com,文理類,楊梅區,2009-06-23,1296
桃園市政府,私立正藝美術短期補習班,,jenda008@yahoo.com.tw,美術、書法、攝影、美工設計、圍棋類,楊梅區,2012-05-08,1296
桃園市政府,私立小荳荳美語文理音樂短期補習班,,a1001111@ms34.hinet.net,文理類,楊梅區,2008-08-01,1296
桃園市政府,私立傑西魔法美語文理短期補習班,,jessiemagicschool@gmail.com,外語類,楊梅區,2002-10-11,1296
桃園市政府,私立佑育語文文理短期補習班,,,文理類,楊梅區,2002-05-15,1296
桃園市政府,私立顧群數學作文文理短期補習班,,goodschool630@yahoo.com.tw,文理類,楊梅區,2007-07-06,1296
桃園市政府,私立少芃文理短期補習班,,sp4829182@yahoo.com.tw,文理類,楊梅區,2001-03-27,1296
桃園市政府,私立璇龍文理短期補習班,143,,文理類,楊梅區,1997-01-28,1296
桃園市政府,私立幾何電腦短期補習班,,e221168380@yahoo.com.tw,資訊類,楊梅區,2009-03-26,1296
桃園市政府,私立璇葳文理數學短期補習班,,shinefu324728055696@yahoo.com.tw,文理類,楊梅區,2008-10-22,1296
桃園市政府,私立愛尼歐美語數學短期補習班,,rabacca6666@yahoo.com.tw,文理類,楊梅區,2011-03-30,1296
桃園市政府,私立百威美語短期補習班,,ivy00518@yahoo.com.tw,外語類,楊梅區,2014-11-06,1296
桃園市政府,私立呈安文理語文短期補習班,,sherryhuiming@gmail.com,文理類,楊梅區,2008-08-03,1296
桃園市政府,私立立群數學文理語文短期補習班,,jennyyuc30068@yahoo.com,文理類,楊梅區,2018-10-18,1296
桃園市政府,私立欣奕語文文理短期補習班,,h368456@yahoo.com.tw,文理類,楊梅區,2008-10-22,1296
桃園市政府,私立華碩文理短期補習班,,hungda8280@gmail.com,文理類,楊梅區,2009-09-03,1296
桃園市政府,私立愛利克絲語文短期補習班,,ankolio@gmail.com,外語類,楊梅區,2020-01-30,1296
桃園市政府,私立儸頡絲語文短期補習班,,1f1090@yahoo.com.tw,外語類,楊梅區,2014-05-16,1296
桃園市政府,私立傳騏文理短期補習班,,huihsuanchen8557@gmail.com,文理類,楊梅區,2017-04-21,1296
桃園市政府,私立禾欣美語短期補習班,,,外語類,楊梅區,2001-11-15,1296
桃園市政府,私立海狸加那大英語短期補習班,,beaverces553@gmail.com,外語類,楊梅區,2016-06-24,1296
桃園市政府,揚英教育科技股份有限公司附設私立揚英文理技藝美語短期補習班,,yeneng8245@gmail.com,文理類,楊梅區,2007-11-21,1296
桃園市政府,私立凱思英語短期補習班新農分班,,Ksenglish05@gmail.com,外語類,楊梅區,2020-06-24,1296
桃園市政府,私立競文文理短期補習班,182,jingwen4881212@gmail.com,文理類,楊梅區,2002-04-02,1296
桃園市政府,私立雁騰文理短期補習班,,yujiun0401@gmail.com,文理類,楊梅區,2012-05-18,1296
桃園市政府,私立柏陞美語文理短期補習班,,orange0913585@yahoo.com.tw,文理類,楊梅區,2011-06-27,1296
桃園市政府,私立育偉語文短期補習班,,scr4881271@yahoo.com.tw,外語類,楊梅區,2008-03-28,1296
桃園市政府,私立順能文理美語短期補習班,,pzyang.tw@gmail.com,文理類,楊梅區,2005-05-03,1296
桃園市政府,私立佳樂語文短期補習班,,BB115@joy.com.tw,外語類,楊梅區,2020-06-29,1296
桃園市政府,私立唐風文理美語短期補習班,,supertankenglish@gmail.com,文理類,楊梅區,2015-06-10,1296
桃園市政府,私立宏英音樂短期補習班,,muta1126@gmail.com,音樂、舞蹈類,楊梅區,2010-03-02,1296
桃園市政府,私立勝群數學語文短期補習班,,ywhhywhh@yahoo.com.tw,文理類,楊梅區,2009-09-30,1296
桃園市政府,私立快樂園語文文理短期補習班,,happy370319@gmail.com,文理類,楊梅區,2010-09-16,1296
桃園市政府,私立天才珠算短期補習班,221,teacherho2010@gmail.com,商類：珠算、心算、會計,楊梅區,1997-03-24,1296
桃園市政府,私立海頓文理語文短期補習班,,rice-pan@hotmail.com,文理類,楊梅區,2008-07-29,1296
桃園市政府,私立群勵文理美語短期補習班,,,文理類,楊梅區,2007-01-08,1296
桃園市政府,私立凱思英語短期補習班,,ks_english@hotmail.com,外語類,楊梅區,2014-12-29,1296
桃園市政府,私立星韻舞蹈短期補習班,,shingyunn@yahoo.com,音樂、舞蹈類,楊梅區,2009-12-21,1296
桃園市政府,私立玫瑰文理語文技藝短期補習班,,rose.woby@seednet.net.tw,文理類,楊梅區,2008-08-18,1296
桃園市政府,私立博士兒文理語文短期補習班,,fourthr.chou@msa.hinet.net,文理類,楊梅區,2006-10-03,1296
桃園市政府,私立欣田美語文理短期補習班,,arctic2239@yahoo.com.tw,文理類,楊梅區,2013-02-05,1296
桃園市政府,私立福斯得語文文理短期補習班,,Kongyin03@yahoo.com.tw,文理類,楊梅區,2006-09-26,1296
桃園市政府,私立瑞溪英語短期補習班,,dvenglish2021@gmail.com,外語類,楊梅區,2019-11-26,1296
桃園市政府,私立火星美語美術短期補習班,,mars.abc@msa.hinet.net,外語類,楊梅區,2011-07-21,1296
桃園市政府,私立博文文理美語短期補習班,,kid23602000@yahoo.com.tw,文理類,楊梅區,2005-12-08,1296
桃園市政府,私立維瑞英語會話短期補習班,,,外語類,楊梅區,2003-06-09,1296
桃園市政府,私立上騰數學文理短期補習班,,f4813019@yahoo.com.tw,文理類,楊梅區,2018-12-18,1296
桃園市政府,私立承恩語文數學短期補習班瑞塘分班,,d0937539835@yahoo.com.tw,外語類,楊梅區,2012-09-26,1296
桃園市政府,私立新璇龍美語數學短期補習班,,great5576@yahoo.com.tw,文理類,楊梅區,2014-03-28,1296
桃園市政府,私立學田美語文理短期補習班,,lacviw@gmail.com,文理類,楊梅區,2000-10-19,1296
桃園市政府,私立小狀元珠算短期補習班,217,s4912397@gmail.com,商類：珠算、心算、會計,楊梅區,1997-02-18,1296
桃園市政府,私立小太陽成長天地美語短期補習班,59,yehtina571030@gmail.com,外語類,楊梅區,1997-02-24,1296
桃園市政府,私立康鑫文理語文短期補習班,,,文理類,楊梅區,2001-08-28,1296
桃園市政府,私立貝福美語短期補習班,,ipevo97982@gmail.com,外語類,楊梅區,2014-01-21,1296
桃園市政府,私立政大聯合語文文理短期補習班秀才分班,,,文理類,楊梅區,2013-03-08,1296
桃園市政府,私立諾亞美語文理短期補習班,,,外語類,楊梅區,2002-12-27,1296
桃園市政府,私立林老師美語珠心算短期補習班,,nailseal@yahoo.com.tw,外語類,楊梅區,2001-06-06,1296
桃園市政府,私立甜蜜美語文理短期補習班,,yu880209@gmail.com,文理類,楊梅區,2009-05-20,1296
桃園市政府,私立崇文文理美語短期補習班,,,文理類,楊梅區,2002-07-21,1296
桃園市政府,私立睿緯文理語文短期補習班,,shm7415@gmail.com,文理類,楊梅區,2020-11-09,1296
桃園市政府,私立弘人文理短期補習班,,hongpeople5108@gmail.com,文理類,蘆竹區,2010-07-05,1296
桃園市政府,私立敦堉文理短期補習班,,duiyu2223827@gmail.com,文理類,蘆竹區,2017-06-07,1296
桃園市政府,私立蕃茄樹文理技藝短期補習班,,enzymes1973@gmail.com,美術、書法、攝影、美工設計、圍棋類,蘆竹區,2021-12-17,1296
桃園市政府,私立宏海文理短期補習班,,,文理類,蘆竹區,2014-09-10,1296
桃園市政府,私立無闕美術短期補習班,,wccac.5528@gmail.com,美術、書法、攝影、美工設計、圍棋類,蘆竹區,2014-08-25,1296
桃園市政府,私立橋森語文數學短期補習班,,hlcckl@yahoo.com,外語類,蘆竹區,2007-08-17,1296
桃園市政府,私立奇士威美語短期補習班,,joanne19710217@hotmail.com,外語類,蘆竹區,2004-11-16,1296
桃園市政府,私立宏大美語數學文理短期補習班,,attain543@yahoo.com.tw,文理類,蘆竹區,2003-06-06,1296
桃園市政府,私立昇達2號文理短期補習班,,tengfeng@shengdams.com,文理類,蘆竹區,2014-03-25,1296
桃園市政府,私立鴻博文理短期補習班,,homerun3129793@gmail.com,文理類,蘆竹區,2004-09-07,1296
桃園市政府,私立嘉維美語短期補習班,,hs2123@hess.com.tw,外語類,蘆竹區,2008-02-25,1296
桃園市政府,私立陳家蓁語文短期補習班,,mandy312@hotmail.com,外語類,蘆竹區,2013-03-15,1296
桃園市政府,私立學優美語心算補習班,,,外語類,蘆竹區,2003-11-04,1296
桃園市政府,私立南天文理語文短期補習班,,skyey.aster@gmail.com,文理類,蘆竹區,2007-08-29,1296
桃園市政府,私立鴻鵠文理短期補習班,,rtainlove@gmail.com,文理類,蘆竹區,2022-04-14,1296
桃園市政府,私立先勝文理短期補習班,,nk2225450@gmail.com,文理類,蘆竹區,2019-10-17,1296
桃園市政府,私立方象文理語文短期補習班,,,文理類,蘆竹區,2011-03-21,1296
桃園市政府,朝陽富元教育股份有限公司私立朝揚文理語文短期補習班南崁分班,,,文理類,蘆竹區,2018-09-20,1296
桃園市政府,私立學碩文理短期補習班,,cf.kang@hinet.net,文理類,蘆竹區,2007-03-23,1296
桃園市政府,巨匠電腦股份有限公司附設私立巨強美語短期補習班,,allen.tsai@pcschool.com.tw,外語類,蘆竹區,2003-07-23,1296
桃園市政府,智基科技開發股份有限公司附設私立中正志光文理法商短期補習班,,chuang623@hotmail.com,文理類,蘆竹區,2015-12-24,1296
桃園市政府,私立大中文理短期補習班,,leah19770529@yahoo.com.tw,文理類,蘆竹區,2005-04-21,1296
桃園市政府,私立禾程語文短期補習班,,leah19770529@yahoo.com.tw,外語類,蘆竹區,2012-11-28,1296
桃園市政府,私立維多利亞語文短期補習班,,victoria3119889@gmail.com,外語類,蘆竹區,2016-03-18,1296
桃園市政府,地球村文化藝術有限公司附設私立國際地球村語文短期補習班,,,外語類,蘆竹區,2011-07-15,1296
桃園市政府,私立新奧林匹亞數學美語文理短期補習班,,olpcg@gmail.com,文理類,蘆竹區,2017-05-11,1296
桃園市政府,私立上格美語短期補習班,,green.kid@msa.hinet.net,外語類,蘆竹區,2004-07-29,1296
桃園市政府,私立愛迪兒英語會話短期補習班,91,,外語類,蘆竹區,1998-05-29,1296
桃園市政府,私立康橋美語會話短期補習班,,carissa95@gmail.com.tw,外語類,蘆竹區,2011-12-06,1296
桃園市政府,私立智聖多元圍棋短期補習班南崁分班,,wisdom_go@yahoo.com.tw,其他類,蘆竹區,2009-11-10,1296
桃園市政府,私立慧足舞集舞蹈短期補習班,,Whizui.dance@yahoo.com.tw,音樂、舞蹈類,蘆竹區,2009-12-29,1296
桃園市政府,私立福崁英語短期補習班,,frobel.a05@msa.hinet.net,外語類,蘆竹區,2002-06-28,1296
桃園市政府,私立立笙文理語文短期補習班,,leaderkidz@gmail.com,文理類,蘆竹區,2008-06-11,1296
桃園市政府,私立逸學文理語文數學短期補習班,,naluto8254@gmail.com,文理類,蘆竹區,2020-06-02,1296
桃園市政府,私立精業文理短期補習班,,,文理類,蘆竹區,2009-10-13,1296
桃園市政府,私立凱緹音樂短期補習班,,kikiartcenter@gmail.com,音樂、舞蹈類,蘆竹區,2018-03-23,1296
桃園市政府,群曜事業有限公司附設私立捷進文理短期補習班,,office1314@yahoo.com.tw,文理類,蘆竹區,2020-06-15,1296
桃園市政府,私立智麟文理短期補習班,,Allen00210@yahoo.com.tw,文理類,蘆竹區,2009-11-05,1296
桃園市政府,私立文化學園數學語文短期補習班,,lfcdms88@yahoo.com.tw,文理類,蘆竹區,2009-03-23,1296
桃園市政府,私立歐曄文城文理短期補習班,,nkwinchamp@gmail.com,文理類,蘆竹區,2014-08-27,1296
桃園市政府,驅勢文教事業有限公司附設私立三合一語文短期補習班,,,外語類,蘆竹區,2007-10-11,1296
桃園市政府,私立全球文教文理數學語文短期補習班,,aglobe.study@gmail.com,文理類,蘆竹區,2011-11-28,1296
桃園市政府,私立予智語文文理短期補習班,,patrickwu0725@gmail.com,外語類,蘆竹區,2007-08-02,1296
桃園市政府,私立意狨文理語文短期補習班,,paiyichang@gmail.com,文理類,蘆竹區,2015-12-28,1296
桃園市政府,私立全理數學語文文理短期補習班,,p973035@gmail.com,文理類,蘆竹區,2004-07-05,1296
桃園市政府,私立昇達文理短期補習班,,b07200009@hotmail.com,文理類,蘆竹區,2007-10-01,1296
桃園市政府,私立西河美術短期補習班,,,美術、書法、攝影、美工設計、圍棋類,蘆竹區,2015-07-09,1296
桃園市政府,私立安誠文理語文數學短期補習班,,hong-da@shen-chi.com.tw,文理類,蘆竹區,2005-10-17,1296
桃園市政府,私立安杰昇語文文理短期補習班,,Jasonwei.chief@gmail.com,外語類,蘆竹區,2021-10-20,1296
桃園市政府,私立信華美語文理短期補習班,,,文理類,蘆竹區,2010-12-09,1296
桃園市政府,私立拉斐爾音樂短期補習班,,,音樂、舞蹈類,蘆竹區,2011-01-25,1296
桃園市政府,私立夏福爾美語短期補習班,,may5888228@yahoo.com.tw,外語類,蘆竹區,2003-05-02,1296
桃園市政府,私立集英文理美語短期補習班,,,文理類,蘆竹區,2003-12-04,1296
桃園市政府,私立問鼎文理語文短期補習班,,,文理類,蘆竹區,2015-02-25,1296
桃園市政府,私立宏達文理短期補習班,,hd4721@yahoo.com.tw,文理類,蘆竹區,2005-10-17,1296
桃園市政府,私立立人文理語文短期補習班,,ctcho@lirenedu.com.tw,文理類,蘆竹區,2012-01-09,1296
桃園市政府,私立樂揚音樂短期補習班,,melody.lee1225@gmail.com,音樂、舞蹈類,蘆竹區,2018-07-03,1296
桃園市政府,私立旗艦美語數學短期補習班,,formonkey2007@hotmail.com,外語類,蘆竹區,2016-07-06,1296
桃園市政府,私立南華英語會話短期補習班,,gloria@glo.com.tw,外語類,蘆竹區,2000-05-26,1296
桃園市政府,私立伊豆龍美語短期補習班,,,外語類,蘆竹區,2005-01-17,1296
桃園市政府,私立茁壯美語短期補習班,,vivianshiu68@yahoo.com.tw,外語類,蘆竹區,2002-01-14,1296
桃園市政府,朝陽富元教育股份有限公司附設私立朝揚文理語文短期補習班大竹分班,,jy3169958@gmail.com,文理類,蘆竹區,2003-05-30,1296
桃園市政府,私立宇成美語文理短期補習班,,kevin_becky@seed.net.tw,文理類,蘆竹區,2001-03-21,1296
桃園市政府,私立長源英語會話短期補習班,,daisy05@principal.com.tw,外語類,蘆竹區,2001-11-30,1296
桃園市政府,私立宇成美語短期補習班-光明分班,,kevin_becky@seed.net.tw,外語類,蘆竹區,2001-10-19,1296
桃園市政府,私立游藝音樂短期補習班,,youyimusic@gmail.com,音樂、舞蹈類,蘆竹區,2010-03-16,1296
桃園市政府,私立淇奧數學語文短期補習班,,t3111890@gmail.com,外語類,蘆竹區,2020-10-23,1296
桃園市政府,私立信華美語文理短期補習班光明分班,,anguschiou2003@yahoo.com.tw,文理類,蘆竹區,2007-12-20,1296
桃園市政府,私立風格美語短期補習班,,joan682333@yahoo.com.tw,外語類,蘆竹區,2006-05-08,1296
桃園市政府,私立上韋語文文理短期補習班,,aklover0811@gmail.com,文理類,蘆竹區,2016-11-17,1296
桃園市政府,私立亞卡迪亞美語短期補習班,,tiny_ro55@yahoo.com.tw,外語類,蘆竹區,2010-07-27,1296
桃園市政府,私立拓源文理語文短期補習班,,tact.nkgm8888@gmail.com,文理類,蘆竹區,2017-02-13,1296
桃園市政府,私立斯恩數學語文短期補習班,,sandyacer666666@gmail.com,外語類,蘆竹區,2020-02-06,1296
桃園市政府,私立雷恩斯語文短期補習班,,sandyacer666666@gmail.com,外語類,蘆竹區,2009-11-11,1296
桃園市政府,私立科錥語文短期補習班,,suenyeech@gmail.com,外語類,蘆竹區,2013-05-08,1296
桃園市政府,私立儀傑美術數學技藝文理短期補習班,,mac20170917@gmail.com,文理類,蘆竹區,2022-07-20,1296
桃園市政府,私立帝爾美語短期補習班,,,外語類,蘆竹區,2003-08-28,1296
桃園市政府,社團法人中國青年救國團附設私立五福語文技藝短期補習班,,s160207@cyc.tw,外語類,蘆竹區,2016-09-22,1296
桃園市政府,私立環球美語數學短期補習班,,uni2220607@gmail.com,文理類,蘆竹區,2012-01-31,1296
桃園市政府,私立華格語文短期補習班,,coco.sunny@hotmail.com,外語類,蘆竹區,2008-03-19,1296
桃園市政府,私立安博語文短期補習班,,bb043@joy.com.tw,外語類,蘆竹區,2008-08-27,1296
桃園市政府,私立黃杰語文文理短期補習班,,shrewishrita@yahoo.com.tw,文理類,蘆竹區,2019-12-24,1296
桃園市政府,私立佳貝佳舞蹈短期補習班,,,音樂、舞蹈類,蘆竹區,2003-01-13,1296
桃園市政府,私立華德語文音樂美術短期補習班,,,外語類,蘆竹區,2016-12-14,1296
桃園市政府,私立維妮兒語文數學文理短期補習班,,htony502@gmail.com,文理類,蘆竹區,2017-08-31,1296
桃園市政府,愛可米國際文化有限公司附設私立愛學苑語文數學文理短期補習班,,a880702@hotmail.com,文理類,蘆竹區,2021-07-16,1296
桃園市政府,私立夏洛克語文短期補習班,,claireeel@gmail.com,文理類,蘆竹區,2014-05-19,1296
桃園市政府,私立諾異斯音樂技藝短期補習班,,jarvis1989y@gmail.com,音樂、舞蹈類,蘆竹區,2022-06-09,1296
桃園市政府,私立大灣美語短期補習班大竹分班,,,外語類,蘆竹區,2006-06-19,1296
桃園市政府,私立巴哈音樂短期補習班,,,音樂、舞蹈類,蘆竹區,2015-06-26,1296
桃園市政府,私立紅蘋果美術短期補習班,,a10a05j12@kimo.com,美術、書法、攝影、美工設計、圍棋類,蘆竹區,2019-04-08,1296
桃園市政府,私立班笛斯文理語文短期補習班,,a3236128@gmail.com,文理類,蘆竹區,2016-12-12,1296
桃園市政府,私立狀元教室數學文理短期補習班,172,raffery2@yahoo.com.tw,文理類,蘆竹區,1996-12-24,1296
桃園市政府,私立宗和文理短期補習班,,mbyy19781224@gmail.com,文理類,蘆竹區,2007-12-20,1296
桃園市政府,私立光樹文理語文短期補習班,,yvonne11212@yahoo.com.tw,文理類,蘆竹區,2021-08-16,1296
桃園市政府,私立大興數學語文短期補習班,,a0928131961@gmail.com,外語類,蘆竹區,2020-02-11,1296
桃園市政府,私立啟迪美語短期補習班,,,外語類,蘆竹區,2006-06-16,1296
桃園市政府,私立建儒語文文理短期補習班,,sunman0629@hotmail.com,文理類,蘆竹區,2018-07-24,1296
桃園市政府,私立優生美語數學文理短期補習班,,shuoheng.kao@hotmail.com,文理類,蘆竹區,2004-11-08,1296
桃園市政府,私立蜻蜓美語短期補習班,,u9531@ms33.hinet.net,外語類,蘆竹區,2003-09-24,1296
桃園市政府,私立嘉文語文短期補習班,,hs2190@hess.com.tw,外語類,蘆竹區,2010-11-17,1296
桃園市政府,私立蒂佳舞蹈短期補習班,,,音樂、舞蹈類,蘆竹區,2005-07-15,1296
桃園市政府,弋果文化事業股份有限公司附設私立艾美語文文理數學短期補習班,,karen.huang@eagletw.com,文理類,蘆竹區,2015-11-02,1296
桃園市政府,私立聲坊音樂短期補習班,,sabrina0731@gmail.com,音樂、舞蹈類,蘆竹區,2009-08-13,1296
桃園市政府,私立金榜數學美語文理短期補習班,,jinbang3137123@gmail.com,文理類,蘆竹區,2010-05-28,1296
桃園市政府,私立得勝語文文理短期補習班,,,外語類,蘆竹區,2002-12-19,1296
桃園市政府,私立學鴻美語文理短期補習班,,c0953551311@yahoo.com.tw,文理類,蘆竹區,2017-09-18,1296
桃園市政府,私立翁老師珠心算數學短期補習班,,h3124066@yahoo.com.tw,文理類,蘆竹區,2014-06-17,1296
桃園市政府,私立學勤文理短期補習班,,,文理類,蘆竹區,2006-06-22,1296
桃園市政府,私立蘇荷美術短期補習班南崁分班,,sohomary@sohoart.com.tw,美術、書法、攝影、美工設計、圍棋類,蘆竹區,2011-03-25,1296
桃園市政府,群曜事業有限公司附設私立小劍橋文理美語短期補習班,,office1314@yahoo.com.tw,文理類,蘆竹區,2012-07-11,1296
桃園市政府,私立鴻碩語文短期補習班,,bos86519@gmail.com,文理類,蘆竹區,2012-11-16,1296
桃園市政府,私立小牛頓語文技藝短期補習班,,kc.nanmei.yahoo.com.tw,外語類,蘆竹區,2008-07-01,1296
桃園市政府,私立芙容珠心算美語短期補習班,,,商類：珠算、心算、會計,蘆竹區,2007-10-15,1296
桃園市政府,私立冠雄數學語文短期補習班,,homerun3129793@gmail.com,外語類,蘆竹區,2009-01-10,1296
桃園市政府,私立智勝文理語文短期補習班,,nkamc2120540@gmail.com,文理類,蘆竹區,2009-08-14,1296
桃園市政府,私立英博語文短期補習班,,s8961018@yahoo.com.tw,外語類,蘆竹區,2008-11-21,1296
桃園市政府,私立摩爾美語文理短期補習班,,monicaliao2000@yahoo.com.tw,文理類,蘆竹區,2010-07-08,1296
桃園市政府,私立東野學堂文理語文數學短期補習班,,miamia959@yahoo.com.tw,文理類,蘆竹區,2019-06-25,1296
桃園市政府,私立張秀瓊作文短期補習班,,,外語類,蘆竹區,2007-03-02,1296
桃園市政府,贊鴻學輔股份有限公司附設私立創意國文理語文數學美術短期補習班,,creative.kizland@gmail.com,文理類,蘆竹區,2021-08-30,1296
桃園市政府,私立璇樂音樂短期補習班,,jademusic2017@gmail.com,音樂、舞蹈類,蘆竹區,2018-02-09,1296
桃園市政府,私立佳鴻文理數學短期補習班,,dawn@ms33.url.com.tw,文理類,蘆竹區,2014-03-17,1296
桃園市政府,百世教育科技股份有限公司附設私立百世文理短期補習班,,,文理類,蘆竹區,2011-06-01,1296
桃園市政府,私立好好學堂文理短期補習班,, mr.maxlsc@gmail.com,文理類,蘆竹區,2020-05-28,1296
桃園市政府,私立艾倪爾語文短期補習班,,nankan@995eng.com,外語類,蘆竹區,2011-12-06,1296
桃園市政府,私立必揚英語短期補習班,,Judy00002003@yahoo.com.tw,外語類,蘆竹區,2016-03-08,1296
桃園市政府,私立拓宇文理語文短期補習班,,tact.nkcc@gmail.com,文理類,蘆竹區,2018-04-27,1296
桃園市政府,私立丫丫英語短期補習班,,yayalucia@yahoo.com.tw,外語類,蘆竹區,2000-10-21,1296
桃園市政府,私立先進美語數學短期補習班,,lili650714@yahoo.com.tw,外語類,觀音區,2004-09-16,1296
桃園市政府,私立詣麒語文數學文理短期補習班,,chunwey0825@gmail.com,文理類,觀音區,2018-11-20,1296
桃園市政府,私立宜華文理短期補習班,,,文理類,觀音區,2009-09-04,1296
桃園市政府,私立芝加哥語文文理短期補習班,,a473chang@yahoo.com.tw,文理類,觀音區,2014-06-19,1296
桃園市政府,私立陳群文理美語短期補習班,,chengchin543@yahoo.com.tw,文理類,觀音區,2007-03-18,1296
桃園市政府,私立雷克斯美語短期補習班,,sharonfd170@gmail.com,外語類,觀音區,2004-01-12,1296
桃園市政府,私立亞莉安美語短期補習班,,sch4338@gmail.com,外語類,觀音區,2005-06-20,1296
桃園市政府,私立勤益文理短期補習班,,Vita0512@hotmail.com,文理類,觀音區,2014-12-05,1296
桃園市政府,私立朵拉音樂短期補習班,,chun200277@yahoo.com.tw,音樂、舞蹈類,觀音區,2014-10-31,1296
桃園市政府,私立博全美語文理短期補習班,,gracechuchu2001@yahoo.com.tw,文理類,觀音區,2006-06-02,1296
桃園市政府,私立巨群文理美語短期補習班,,h0939909217@gmail.com,文理類,觀音區,2011-12-14,1296
桃園市政府,私立康爾宇文理美語短期補習班,,chuyen@edirect168.com,文理類,觀音區,2009-03-17,1296
桃園市政府,私立大翰文理美語短期補習班草漯分班,,narc1004@yahoo.com.tw,文理類,觀音區,2017-01-05,1296
桃園市政府,私立康大電腦文理美語短期補習班,152,kda@kda.tw,文理類,觀音區,1997-04-30,1296
桃園市政府,私立布蘭達美語文理短期補習班,,kf0589176@gmail.com,文理類,觀音區,2010-05-05,1296
桃園市政府,私立大英美語文理短期補習班,,victorsung2012@gmail.com,文理類,觀音區,2003-03-06,1296
桃園市政府,私立威妮斯語文數學文理短期補習班,,terrywinnie@kimo.com,文理類,觀音區,2020-11-11,1296
桃園市政府,私立鼎豐語文文理短期補習班,,egp665@yahoo.com.tw,文理類,觀音區,2009-03-17,1296
桃園市政府,私立智惠城珠算文理短期補習班,201,k00000077@yahoo.com.tw,文理類,觀音區,1999-05-05,1296
桃園市政府,私立晶華美語文理短期補習班,,s326339@yahoo.com.tw,文理類,觀音區,2014-10-30,1296
桃園市政府,私立愛樂棻音樂語文短期補習班,,stop0828@hotmail.com,外語類,觀音區,2009-11-23,1296
桃園市政府,私立博士登文理美語短期補習班,,shawnlanch@gmail.com,文理類,觀音區,2006-05-05,1296
桃園市政府,私立愛丁堡語文短期補習班,95,info@englishland.org,外語類,龍潭區,1999-03-16,1296
桃園市政府,私立栩格美語短期補習班,,beaconacademytw@gmail.com,外語類,龍潭區,2021-09-06,1296
桃園市政府,私立大石門文理短期補習班,171,,文理類,龍潭區,1996-11-04,1296
桃園市政府,私立劉昊語文文理短期補習班,,Liu.zc@msa.hinet.net,文理類,龍潭區,2010-11-12,1296
桃園市政府,私立龍祥語文數學自然短期補習班,,longtankids@yahoo.com.tw,外語類,龍潭區,2020-03-19,1296
桃園市政府,私立志學文理短期補習班,,dilyslo2000@yahoo.com.tw,文理類,龍潭區,2013-06-26,1296
桃園市政府,私立劍橋喜樂文理短期補習班,,com.joy@msa.hinet.net,文理類,龍潭區,2013-06-21,1296
桃園市政府,私立龍鳳英語會話短期補習班,,,外語類,龍潭區,2004-03-30,1296
桃園市政府,私立華誠珠心算短期補習班,254,jan1.jan2@msa.hinet.net,商類：珠算、心算、會計,龍潭區,1998-03-25,1296
桃園市政府,私立晉榜文理短期補習班,,chiu6993@hotmail.com,文理類,龍潭區,2008-04-17,1296
桃園市政府,私立天堂鳥英語短期補習班,,chairman@hanyin.org,外語類,龍潭區,2020-12-08,1296
桃園市政府,私立溫德爾文理短期補習班,,hn48567@gmail.com,文理類,龍潭區,2016-07-19,1296
桃園市政府,私立新超強珠算美語文理短期補習班,,,文理類,龍潭區,2000-07-26,1296
桃園市政府,私立元品語文文理短期補習班,,jdc92066@yahoo.com.tw,文理類,龍潭區,2007-08-28,1296
桃園市政府,私立龍誠語文數學自然短期補習班,,longtankids@yahoo.com.tw,外語類,龍潭區,2005-05-03,1296
桃園市政府,私立百年珠心算短期補習班,,yome4708558@gmail.com.tw,商類：珠算、心算、會計,龍潭區,2008-10-06,1296
桃園市政府,私立美門數學美語短期補習班,,Character.hunter@gmail.com,文理類,龍潭區,2012-10-01,1296
桃園市政府,私立宏澤美語短期補習班,,yuggy47@yahoo.com.tw,外語類,龍潭區,2005-01-14,1296
桃園市政府,私立樂讀英語會話短期補習班,,crescent0701@gmail.com,外語類,龍潭區,2019-03-28,1296
桃園市政府,私立嘉煌美語短期補習班,,hs2106@hess.com.tw,外語類,龍潭區,2001-05-11,1296
桃園市政府,私立一生舞苑舞蹈短期補習班,,,音樂、舞蹈類,龍潭區,2004-03-12,1296
桃園市政府,私立漢鉅文理語文數學短期補習班,,hanjiu239@gmail.com,文理類,龍潭區,2011-12-01,1296
桃園市政府,私立蘇荷美術短期補習班龍潭分班,,sohomary@sohoart.com.tw,美術、書法、攝影、美工設計、圍棋類,龍潭區,2008-03-07,1296
桃園市政府,私立怡欣音樂短期補習班,,,音樂、舞蹈類,龍潭區,2000-09-21,1296
桃園市政府,私立高材生語文文理短期補習班,,J8401042003@yahoo.com,外語類,龍潭區,2006-08-22,1296
桃園市政府,私立葉氏文理語文短期補習班,,Francis_yeh@asus.com,文理類,龍潭區,2008-06-26,1296
桃園市政府,私立哈比美語短期補習班,,kate_weng@yahoo.com.tw,外語類,龍潭區,2004-01-13,1296
桃園市政府,私立逸薇美語短期補習班,,h220378652@yahoo.com.tw,外語類,龍潭區,2006-06-23,1296
桃園市政府,私立首府數學短期補習班,,jennifer97227@yahoo.com.tw,文理類,龍潭區,2004-07-13,1296
桃園市政府,私立阿里巴巴美語短期補習班,,lydia0958010300@gmail.com,外語類,龍潭區,2004-09-07,1296
桃園市政府,私立林廷文理短期補習班民族分班,,lintingmath@yahoo.com.tw,文理類,龍潭區,2010-01-28,1296
桃園市政府,私立學鈞數學語文短期補習班,,hahehooocloud@gmail.com,文理類,龍潭區,2010-02-09,1296
桃園市政府,私立得分文理語文短期補習班,,luhejing@ms96.url.com.tw,文理類,龍潭區,2008-12-17,1296
桃園市政府,私立第一志願文理短期補習班,,mbstar1214@gmail.com,文理類,龍潭區,2021-05-03,1296
桃園市政府,私立漢昇文理短期補習班,,asir5898@gmail.com,文理類,龍潭區,2009-01-10,1296
桃園市政府,私立夏山美語短期補習班,,,外語類,龍潭區,2016-07-19,1296
桃園市政府,私立躍音音樂短期補習班,,anne318.lung@msa.hinet.net,音樂、舞蹈類,龍潭區,2013-04-10,1296
桃園市政府,私立佳陞英語短期補習班,,BB093@joy.com.tw,外語類,龍潭區,2008-09-17,1296
桃園市政府,智基科技開發股份有限公司附設私立龍志光文理法商短期補習班,,chuang623@hotmail.com,文理類,龍潭區,2015-08-12,1296
桃園市政府,私立晨揚文理語文短期補習班,,a034092086@gmail.com,文理類,龍潭區,2015-11-04,1296
桃園市政府,私立瀚海文理語文數學短期補習班,,king5983@yahoo.com.tw,文理類,龍潭區,2002-12-11,1296
桃園市政府,私立凱英文理語文短期補習班,,kute5858588@yahoo.com.tw,文理類,龍潭區,2017-01-17,1296
桃園市政府,私立格西文理語文數學美術短期補習班,,miranda12325@hotmail.com,文理類,龍潭區,2010-11-03,1296
桃園市政府,私立李萬文理短期補習班,,leadoneschool@gmail.com,文理類,龍潭區,2022-06-14,1296
桃園市政府,私立鼎文美語短期補習班,,,外語類,龍潭區,2007-02-15,1296
桃園市政府,私立博士鳥語文短期補習班,,b94003953@yahoo.com.tw,外語類,龍潭區,2013-08-30,1296
桃園市政府,私立方碩文理英語短期補習班,,carol08302001@yahoo.com.tw,文理類,龍潭區,2007-01-11,1296
桃園市政府,私立方華獅王語文數學短期補習班,,k4093500@yahoo.com.tw,外語類,龍潭區,2004-07-27,1296
桃園市政府,私立千平美語短期補習班,,,外語類,龍潭區,2007-05-11,1296
桃園市政府,私立頂龍美語文理短期補習班,,0934000769@top-edu.com.tw,文理類,龍潭區,2006-06-14,1296
桃園市政府,私立新橋文理語文短期補習班,,,文理類,龍潭區,2003-09-25,1296
桃園市政府,私立高峰文理語文技藝短期補習班,,,文理類,龍潭區,2007-05-31,1296
桃園市政府,私立艾立笙文理語文短期補習班,,edwardteng@yahoo.com,文理類,龍潭區,2007-05-10,1296
桃園市政府,私立溫格爾文理短期補習班,,sheensheen489@yahoo.com.tw,文理類,龍潭區,2018-03-04,1296
桃園市政府,私立喜樂語文文理短期補習班,,happyedu@seed.net.tw,文理類,龍潭區,2002-05-21,1296
桃園市政府,私立高老師美語文理短期補習班,,teacher.kao7618@seed.net.tw,文理類,龍潭區,2006-08-25,1296
桃園市政府,私立鼎昇文理短期補習班,,radersan@yahoo.com.tw,文理類,龜山區,2008-07-02,1296
桃園市政府,私立嘉思英語短期補習班,,eoyfamily@gmail.com,外語類,龜山區,2014-01-16,1296
桃園市政府,私立愛德華文理短期補習班,,bubu1999@hotmail.com,文理類,龜山區,2001-10-11,1296
桃園市政府,私立小太陽英語會話短期補習班,86,,外語類,龜山區,1998-09-23,1296
桃園市政府,私立明志文理短期補習班,,huang012016@yahoo.com.tw,文理類,龜山區,2001-10-04,1296
桃園市政府,私立親親語文數學短期補習班,,,外語類,龜山區,2012-04-12,1296
桃園市政府,朝陽富元教育股份有限公司附設私立朝揚文理短期補習班龜山分班,,jy3169958@gmail.com,文理類,龜山區,2020-12-21,1296
桃園市政府,私立辰果美語文理短期補習班,,airu12051728@yahoo.com.tw,文理類,龜山區,2013-03-13,1296
桃園市政府,私立茁躍語文短期補習班,,wendy19911225@gmail.com,外語類,龜山區,2019-06-28,1296
桃園市政府,私立麥克叔叔文理語文短期補習班,,tstc90@hotmail.com,文理類,龜山區,2010-02-05,1296
桃園市政府,私立英仕倫文理短期補習班,,,文理類,龜山區,2014-09-16,1296
桃園市政府,私立黃豪文理技藝短期補習班,,,文理類,龜山區,2008-07-01,1296
桃園市政府,私立學揚美語數學文理短期補習班,,gina.ky@msa.hinet.net,文理類,龜山區,2001-09-28,1296
桃園市政府,私立育明數學語文短期補習班,,saidsay@ms81.hotmaul.com,外語類,龜山區,2009-07-24,1296
桃園市政府,私立捷升文理美語短期補習班,,lydiahsu1226@gmail.com,文理類,龜山區,2007-09-27,1296
桃園市政府,私立及第文理短期補習班,,,文理類,龜山區,2007-02-06,1296
桃園市政府,時尚地球村語文資訊有限公司附設私立文化地球村語文短期補習班,,gvoservice@gvo.com.tw,外語類,龜山區,2015-01-06,1296
桃園市政府,台灣知識庫股份有限公司附設私立洋碩百官網甄戰數位學堂文理短期補習班林口分班,,alice2@daso.com.tw,文理類,龜山區,2009-09-09,1296
桃園市政府,私立才華文理短期補習班,,caferichlin@gmail.com,文理類,龜山區,2022-07-07,1296
桃園市政府,私立培利文理美語音樂短期補習班,,paili.linko@msa.hinet.net,文理類,龜山區,2005-08-04,1296
桃園市政府,私立瘋美語短期補習班,,,外語類,龜山區,2015-07-03,1296
桃園市政府,私立南英珠心算數學美語語文文理短期補習班,,tina979500@gmail.com,商類：珠算、心算、會計,龜山區,2001-09-10,1296
桃園市政府,私立銓儒美術語文短期補習班,,nateboy123tw@gmail.com,外語類,龜山區,2007-12-18,1296
桃園市政府,私立新世紀語文短期補習班,,kidcastle_changgung@yahoo.com.tw,外語類,龜山區,2020-02-20,1296
桃園市政府,私立新基礎語文數學短期補習班,,foundation683@gmail.com,外語類,龜山區,2008-07-21,1296
桃園市政府,私立童研文理語文美語音樂短期補習班,,J0112,文理類,龜山區,2009-09-29,1296
桃園市政府,私立銘亨文理短期補習班,,math.leader@msa.hinet.net,文理類,龜山區,2008-09-30,1296
桃園市政府,私立貓頭鷹文理語文短期補習班,,wangminghsu@gmail.com,文理類,龜山區,2018-07-30,1296
桃園市政府,私立加利福尼亞美語短期補習班,,clc_taiwan@yahoo.com,外語類,龜山區,2006-03-31,1296
桃園市政府,揚信股份有限公司附設私立揚才文華文理短期補習班,,uhuh90473@gmail.com,文理類,龜山區,2020-12-21,1296
桃園市政府,私立禾耀數學語文文理短期補習班,,math.leader@msa.hinet.net,文理類,龜山區,2017-12-18,1296
桃園市政府,私立王老師文理短期補習班,,jeng5870@yahoo.com.tw,文理類,龜山區,2010-10-28,1296
桃園市政府,私立文豪文理技藝短期補習班,,vivi168@seed.net.tw,文理類,龜山區,2008-08-08,1296
桃園市政府,私立嘉晉文理語文短期補習班,,,文理類,龜山區,2015-02-11,1296
桃園市政府,揚信股份有限公司附設私立揚才文理短期補習班,,,文理類,龜山區,2016-01-26,1296
桃園市政府,私立天音音樂短期補習班,,linko@mail.jpg.org.tw,音樂、舞蹈類,龜山區,2008-04-07,1296
桃園市政府,私立薪傳數學語文文理短期補習班,,sharon.kumon.tw@gmail.com,文理類,龜山區,2021-12-23,1296
桃園市政府,私立首步英語短期補習班,,first.school03@gmail.com,外語類,龜山區,2004-11-19,1296
桃園市政府,私立水雲美容短期補習班,,shui.yun56@gmail.com,美容、美髮理髮類,龜山區,2012-01-09,1296
桃園市政府,私立佑林文理短期補習班,432,y83316743@mail2000.com.tw,文理類,龜山區,1999-02-01,1296
桃園市政府,私立瑞苗美語文理短期補習班,,johnny303666@gmail.com,文理類,龜山區,2015-11-09,1296
桃園市政府,私立丞格英語會話短期補習班,,megan03@principal.com.tw,外語類,龜山區,2012-11-23,1296
桃園市政府,私立賴芹文理語文短期補習班,,laichin3182437@gmail.com,文理類,龜山區,2011-12-23,1296
桃園市政府,私立研心語文數學短期補習班,,jumbotsai22@gmail.com,文理類,龜山區,2020-04-16,1296
桃園市政府,私立智惟語文文理短期補習班,,neurolinklinkou1@gmail.com,文理類,龜山區,2007-01-15,1296
桃園市政府,青山塾股份有限公司附設私立青山塾文理短期補習班,,chingshanshu@gmail.com,文理類,龜山區,2022-05-30,1296
桃園市政府,私立翰林文理短期補習班,118,,文理類,龜山區,1989-02-01,1296
桃園市政府,私立飛揚語文短期補習班,,,外語類,龜山區,2008-06-16,1296
桃園市政府,私立宏學文理數學美語短期補習班,,zhan3434581@yahoo.com.tw,文理類,龜山區,2010-03-04,1296
桃園市政府,私立助亦語文短期補習班,,shanety9@gmail.com,外語類,龜山區,2019-03-12,1296
桃園市政府,私立蘿芙莉文理語文短期補習班,,,文理類,龜山區,2006-08-18,1296
桃園市政府,私立元陽珠心算美語短期補習班,,wenchen119@yahoo.com.tw,外語類,龜山區,2005-03-14,1296
桃園市政府,私立飛岳文理短期補習班,,askjschool@gmail.com,文理類,龜山區,2005-09-06,1296
桃園市政府,私立黃亮文理語文短期補習班,,math.leader@msa.hinet.net,文理類,龜山區,2011-12-28,1296
桃園市政府,私立樂學英語文理短期補習班,,neurolink26@gmail.com,文理類,龜山區,2021-11-24,1296
桃園市政府,私立文萱美術短期補習班,,louyi5516@gmail.com,美術、書法、攝影、美工設計、圍棋類,龜山區,2007-08-23,1296
桃園市政府,私立大謹英語文理短期補習班,,BB079@joy.com.tw,文理類,龜山區,2004-11-10,1296
桃園市政府,私立欣育全語文文理短期補習班,,ycks8181@yahoo.com.tw,文理類,龜山區,2018-01-16,1296
桃園市政府,私立石虎音樂短期補習班,,jaxmusictw@gmail.com,音樂、舞蹈類,龜山區,2015-09-22,1296
桃園市政府,私立紅寶山美語珠算短期補習班,,,外語類,龜山區,2003-06-06,1296
桃園市政府,私立道勤美語數學文理短期補習班,434,j0955418688@yahoo.com.tw,文理類,龜山區,2000-11-06,1296
桃園市政府,私立旋律音樂短期補習班,,babyfish07323@gmail.com,音樂、舞蹈類,龜山區,2010-08-05,1296
桃園市政府,私立良門珠心算美語短期補習班,258,,外語類,龜山區,1999-04-02,1296
桃園市政府,私立亞斯大美語數學文理短期補習班,,ast124in@gmail.com,文理類,龜山區,2018-10-22,1296
桃園市政府,私立邱易文理短期補習班,,,文理類,龜山區,2014-11-27,1296
桃園市政府,私立艾兒瑪語文短期補習班,,anber17@hotmail.com,外語類,龜山區,2012-07-23,1296
桃園市政府,何嘉仁文教事業股份有限公司附設私立華亞文理短期補習班,,cathyyang@kimo.com,文理類,龜山區,2022-05-19,1296
桃園市政府,私立變形蟲美術短期補習班,,,美術、書法、攝影、美工設計、圍棋類,龜山區,2015-10-22,1296
桃園市政府,私立豆子音樂短期補習班,,tcdrum.rockstudio@gmail.com,音樂、舞蹈類,龜山區,2019-06-25,1296
桃園市政府,私立格林威治英語短期補習班,,Jasmine.h429@gmail.com,外語類,龜山區,2020-11-16,1296
桃園市政府,私立愛德華文理短期補習班頂興分班,,Bubu1999@hotmail.com,文理類,龜山區,2016-08-17,1296
桃園市政府,私立昂里文理美語短期補習班,,,文理類,龜山區,2007-09-29,1296
桃園市政府,私立群倫文理語文短期補習班,179,fionpan@livemail.tw,文理類,龜山區,1998-05-19,1296
桃園市政府,私立翰萱美語短期補習班,,,外語類,龜山區,2006-05-10,1296
桃園市政府,私立晨曦文理短期補習班,,ae82090899@gmail.com,文理類,龜山區,2022-04-14,1296
桃園市政府,私立天鉞文理語文短期補習班,,landy610530@gmail.com,文理類,龜山區,2022-02-07,1296