地區縣市,短期補習班名稱,主管機關文件單位代碼,電子郵件,短期補習班類別,地址,立案時間,各地短期補習班數量
新竹縣政府,私立上上文理短期補習班,25,,文理類,北埔鄉,1996-03-27,436
新竹縣政府,私立史努比文理短期補習班,146,male2895@yahoo.com.tw,文理類,北埔鄉,2005-10-14,436
新竹縣政府,新竹縣私立展翅文理短期補習班,518,jackwchsu@gmail.com,文理類,寶山鄉,2019-04-03,436
新竹縣政府,新竹縣私立迪親堡文理短期補習班,368,,文理類,寶山鄉,2013-05-21,436
新竹縣政府,新竹縣私立小熊文理短期補習班,570,,文理類,寶山鄉,2020-09-08,436
新竹縣政府,新竹縣私立小太陽文理美語短期補習班,300,lovepien@hotmail.com,文理類,寶山鄉,2010-11-18,436
新竹縣政府,私立寶源文理短期補習班,196,,文理類,寶山鄉,2007-09-13,436
新竹縣政府,新竹縣私立興盛短期補習班中正分班,484,,文理類,新埔鎮,2017-12-05,436
新竹縣政府,新竹縣私立立鴻文理短期補習班,253,,文理類,新埔鎮,2009-09-22,436
新竹縣政府,私立正揚文理短期補習班,24,fankymco1211@gmail.com,文理類,新埔鎮,1995-08-25,436
新竹縣政府,私立貝爾實驗美語會話短期補習班,21,bells_school@yahoo.com,外語類,新埔鎮,1995-01-16,436
新竹縣政府,新竹縣芮蒂文理短期補習班,301,,文理類,新埔鎮,2010-12-06,436
新竹縣政府,私立新樺文理短期補習班,206,,文理類,新埔鎮,2008-01-09,436
新竹縣政府,新竹縣私立興盛文理才藝短期補習班,243,,文理類,新埔鎮,2009-05-14,436
新竹縣政府,新竹縣私立邱傅老師文理短期補習班,295,,文理類,新埔鎮,2010-09-17,436
新竹縣政府,新竹縣私立艾力克文理才藝短期補習班,385,alec_fabric@yahoo.com.tw,文理類,新豐鄉,2013-11-26,436
新竹縣政府,新竹縣私立天籟文理技藝短期補習班,310,,文理類,新豐鄉,2011-03-28,436
新竹縣政府,私立米芝霓美語會話短期補習班,130,sandy94210@gmail.com,外語類,新豐鄉,2004-12-31,436
新竹縣政府,新竹縣私立喬治亞文理短期補習班,333,,文理類,湖口鄉,2012-05-22,436
新竹縣政府,新竹縣私立冠昱文理短期補習班,358,markvin201314@gmail.com,文理類,湖口鄉,2012-12-28,436
新竹縣政府,私立香香舞蹈短期補習班,5,,音樂、舞蹈類,湖口鄉,1986-02-15,436
新竹縣政府,新竹縣私立弘承文理短期補習班,371,nikky1367@kimo.com,文理類,湖口鄉,2013-06-03,436
新竹縣政府,私立波特美語會話短期補習班,135,,外語類,湖口鄉,2005-06-21,436
新竹縣政府,新竹縣私立文華文理短期補習班,111,,外語類,湖口鄉,2004-06-01,436
新竹縣政府,亮語文創教育有限公司附設新竹縣私立亮語文創作坊文理短期補習班,379,,文理類,竹北市,2013-10-14,436
新竹縣政府,新竹縣私立丰采美術才藝短期補習班,401,,美術、書法、攝影、美工設計、圍棋類,竹北市,2014-06-23,436
新竹縣政府,希格瑪文教事業股份有限公司附設新竹縣私立希格瑪8號文理短期補習班,463,,文理類,竹北市,2017-03-21,436
新竹縣政府,新竹縣私立艾維尼文理短期補習班,178,tien0312@gmail.com,文理類,竹北市,2007-02-08,436
新竹縣政府,私立予恩文理短期補習班,251,shane.hc4@gmail.com,外語類,竹北市,2009-08-13,436
新竹縣政府,新竹縣私立傑瑞米短期補習班,393,lauren19940412@gmail.com,文理類,竹北市,2014-03-14,436
新竹縣政府,新竹縣私立楊真文理短期補習班,250,,文理類,竹北市,2009-08-13,436
新竹縣政府,新竹縣私立海茵美語文理技藝短期補習班,168,,外語類,竹北市,2006-08-07,436
新竹縣政府,私立金城文理短期補習班,138,cambridge302681@gmail.com,文理類,竹北市,2005-06-29,436
新竹縣政府,新竹縣私立光明文理短期補習班,378,min5589696@gmail.com,文理類,竹北市,2013-10-14,436
新竹縣政府,新竹縣私立妮可文理短期補習班,372,,文理類,竹北市,2013-06-13,436
新竹縣政府,新竹縣私立郁辰文理短期補習班,348,,文理類,竹北市,2012-09-03,436
新竹縣政府,新竹縣私立諄品美語短期補習班,433,edustaffone@gmail.com,外語類,竹北市,2015-09-10,436
新竹縣政府,新竹縣私立提恩美語文理技藝短期補習班,441,strongvv@gmail.com,文理類,竹北市,2016-03-11,436
新竹縣政府,新竹縣私立東昇文理短期補習班,506,ts6688322@gmail.com,文理類,竹北市,2018-09-26,436
新竹縣政府,新竹縣私立思學文理短期補習班,461,yitang0425@gmail.com,文理類,竹北市,2017-02-18,436
新竹縣政府,新竹縣私立勁棋文教事業有限公司附設新竹縣私立勁棋文理短期補習班,548,DX147@meikoschool.com.tw,文理類,竹北市,2020-02-17,436
新竹縣政府,新竹縣私立育英文理短期補習班,434,,文理類,竹北市,2015-09-08,436
新竹縣政府,新竹縣私立任得文理短期補習班,412,,文理類,竹北市,2014-11-07,436
新竹縣政府,星康國際有限公司附設新竹縣私立康乃薾美語短期補習班,227,timt_tu@starkorrnell.org,外語類,竹北市,2008-09-09,436
新竹縣政府,新竹縣私立竹辰文理技藝短期補習班,526,,外語類,竹北市,2019-06-11,436
新竹縣政府,新竹縣私立上靖文理短期補習班,538,,文理類,竹北市,2019-09-24,436
新竹縣政府,新竹縣私立藝果美語短期補習班,382,,文理類,竹北市,2013-11-13,436
新竹縣政府,新竹縣私立部落森數位文創有限公司附設新竹縣私立新北聯文教文理短期補習班,545,,文理類,竹北市,2019-12-25,436
新竹縣政府,小小科學家教育事業股份有限公司附設新竹縣私立育仁文理短期補習班,490,,文理類,竹北市,2018-03-12,436
新竹縣政府,私立立得文理短期補習班,232,giraffempm@gmail.com,文理類,竹北市,2008-12-08,436
新竹縣政府,新竹縣私立翰銳藝術短期補習班,380,,美術、書法、攝影、美工設計、圍棋類,竹北市,2013-11-06,436
新竹縣政府,新竹縣私立博士府文理短期補習班,303,drhouse5504547@yahoo.com.tw,文理類,竹北市,2011-01-10,436
新竹縣政府,新竹縣私立勁權文教事業有限公司附設新竹縣私立勁權文理短期補習班,547,cg91@meikoschool.com.tw,文理類,竹北市,2020-02-17,436
新竹縣政府,新竹縣私立光點學學文理短期補習班,381,,外語類,竹北市,2013-11-07,436
新竹縣政府,新竹縣私立小瓏英語短期補習班,384,cloudece91g@yahoo.com.tw,外語類,竹北市,2013-11-27,436
新竹縣政府,新竹縣私立聯合文理短期補習班成功分班,389,,文理類,竹北市,2013-12-16,436
新竹縣政府,極上教育諮詢股份有限公司附設新竹縣私立成拓文理短期補習班,369,pearlhung8@gmail.com,文理類,竹北市,2013-05-22,436
新竹縣政府,新竹縣私立凱狄文理短期補習班。,485,,外語類,竹北市,2017-12-08,436
新竹縣政府,新竹縣私立孜縈英文短期補習班,544,,外語類,竹北市,2019-12-10,436
新竹縣政府,新竹縣私立林立文理短期補習班,377,,文理類,竹北市,2013-09-25,436
新竹縣政府,新竹縣私立范老師才藝短期補習班,132,,商類：珠算、心算、會計,竹北市,2005-06-02,436
新竹縣政府,網路地球村語文資訊有限公司竹北分公司附設新竹縣私立地球村語文短期補習班,246,,外語類,竹北市,2009-06-10,436
新竹縣政府,新竹縣私立小小的美術才藝短期補習班,492,,美術、書法、攝影、美工設計、圍棋類,竹北市,2018-03-28,436
新竹縣政府,新竹縣私立嘉德琳文理短期補習班,427,,外語類,竹北市,2015-07-16,436
新竹縣政府,新竹縣私立知欣文理短期補習班興隆分班,363,,文理類,竹北市,2013-05-27,436
新竹縣政府,私立童園語文短期補習班,98,kidsgarden@hotmail.com,外語類,竹北市,2003-08-13,436
新竹縣政府,新竹縣私立光明珠心算文理短期補習班,335,,文理類,竹北市,2012-06-06,436
新竹縣政府,新竹縣私立黃羽文理短期補習班,546,,文理類,竹北市,2019-12-25,436
新竹縣政府,新竹縣私立朵瑞絲文理短期補習班,560,,文理類,竹北市,2020-04-14,436
新竹縣政府,極上教育諮詢股份有限公司附設新竹縣私立劉欣英文邱天數理莊敬文理短期補習班,376,pearlhung8@gmail.com,文理類,竹北市,2013-07-24,436
新竹縣政府,私立橡樹語文短期補習班,133,,外語類,竹北市,2005-06-09,436
新竹縣政府,新竹縣私立劍橋文理短期補習班,318,,文理類,竹東鎮,2011-08-10,436
新竹縣政府,新竹縣私立快樂學文理短期補習班,140,,外語類,竹東鎮,2005-07-01,436
新竹縣政府,新竹縣私立英橋文理短期補習班,390,,文理類,竹東鎮,2013-11-15,436
新竹縣政府,新竹縣私立幸福文理短期補習班,298,ting51010891,文理類,竹東鎮,2010-11-02,436
新竹縣政府,新竹縣私立竹東佳音英語短期補習班,357,joy_judung@seed.net.tw,外語類,竹東鎮,2012-12-27,436
新竹縣政府,私立傅老師美語東寧分校短期補習班,192,,外語類,竹東鎮,2007-07-18,436
新竹縣政府,新竹縣私立夢想家文理短期補習班,386,,文理類,竹東鎮,2013-11-29,436
新竹縣政府,新竹縣私立上聯文理短期補習班,136,zebra511057@north-union.com.tw,文理類,竹東鎮,2005-06-22,436
新竹縣政府,私立佳仁美語才藝短期補習班,14,,外語類,關西鎮,1993-03-05,436
新竹縣政府,私立小巨人文理短期補習班,28,,文理類,新豐鄉,1996-11-27,436
新竹縣政府,新竹縣私立朗恩文理短期補習班,285,hc5shane@gmail.com,文理類,新豐鄉,2010-06-28,436
新竹縣政府,極上教育諮詢股份有限公司附設新竹縣私立劉欣英文邱天數理光明文理短期補習班,270,pearlhung8@gmail.com,文理類,新豐鄉,2010-02-24,436
新竹縣政府,私立學府美語短期補習班,159,,文理類,新豐鄉,2006-02-08,436
新竹縣政府,新竹縣私立亞格文理短期補習班,287,,文理類,新豐鄉,2010-07-20,436
新竹縣政府,新竹縣私立愛丁堡文理才藝短期補習班,157,edinburghtw@yahoo.com.tw,外語類,新豐鄉,2005-11-21,436
新竹縣政府,私立名師文理短期補習班,197,,文理類,新豐鄉,2007-09-13,436
新竹縣政府,新竹縣私立樂惟文理短期補習班,615,,文理類,新豐鄉,2022-06-02,436
新竹縣政府,極上教育諮詢股份有限公司附設新竹縣私立劉欣英文邱天數理山崎文理短期補習班,483,pearlhung8@gmail.com,文理類,新豐鄉,2017-11-16,436
新竹縣政府,新竹縣私立富田文理短期補習班,426,,文理類,新豐鄉,2015-07-16,436
新竹縣政府,新竹縣私立音樂樹才藝短期補習班,435,,音樂、舞蹈類,新豐鄉,2015-09-09,436
新竹縣政府,新竹縣私立豐朗文理技藝短期補習班,605,,文理類,新豐鄉,2021-12-29,436
新竹縣政府,私立龍寶貝文理短期補習班,57,j5680329@yahoo.com.tw,商類：珠算、心算、會計,新豐鄉,2000-10-20,436
新竹縣政府,新竹縣私立牛津文理短期補習班,533,,文理類,新豐鄉,2019-08-21,436
新竹縣政府,新竹縣私立新向文理短期補習班,525,,文理類,新豐鄉,2019-06-10,436
新竹縣政府,私立學仕家美語短期補習班,241,,外語類,新豐鄉,2009-03-06,436
新竹縣政府,新竹縣私立愛丁堡文理才藝短期補習班忠孝分班,607,edinburghtw@yahoo.com.tw,文理類,新豐鄉,2022-01-14,436
新竹縣政府,新竹縣私立張易文理短期補習班,391,,文理類,新豐鄉,2013-12-26,436
新竹縣政府,新竹縣私立王老師家教中心短期補習班,42,n121tw@yahoo.com.tw,外語類,新豐鄉,1998-11-26,436
新竹縣政府,極上教育諮詢股份有限公司附設新竹縣私立豐拓文理短期補習班,79,pearlhung8@gmail.com,文理類,新豐鄉,2002-06-20,436
新竹縣政府,極上教育諮詢股份有限公司附設新竹縣私立劉欣英文邱天數理忠孝文理短期補習班,266,pearlhung8@gmail.com,文理類,新豐鄉,2010-01-15,436
新竹縣政府,私立長青樹文理短期補習班,199,,文理類,新豐鄉,2007-10-15,436
新竹縣政府,新竹縣私立種籽文理短期補習班,585,,文理類,新豐鄉,2021-05-17,436
新竹縣政府,新竹縣私立紐約文理技藝短期補習班,418,,文理類,新豐鄉,2015-01-13,436
新竹縣政府,新竹縣私立神鵰俠侶文理短期補習班,406,,文理類,新豐鄉,2014-08-12,436
新竹縣政府,極上教育諮詢股份有限公司附設新竹縣私立劉欣英文邱天數理松林文理短期補習班,271,pearlhung8@gmail.com,文理類,新豐鄉,2010-03-05,436
新竹縣政府,新竹縣私立古佳右文理技藝短期補習班,92,,外語類,新豐鄉,2003-01-21,436
新竹縣政府,新竹縣私立小狀元美語短期補習班,56,,外語類,新豐鄉,2000-07-20,436
新竹縣政府,私立文聖文理短期補習班,149,wilson77tw@yahoo.com.tw,文理類,新豐鄉,2005-11-21,436
新竹縣政府,新竹縣私立佳禾文理短期補習班,261,coco5937098@yahoo.com.tw,文理類,橫山鄉,2009-12-14,436
新竹縣政府,新竹縣私立育成文理短期補習班,578,,文理類,橫山鄉,2021-02-02,436
新竹縣政府,新竹縣私立蓉慧文理短期補習班,610,min19961004@gmail.com,文理類,湖口鄉,2022-03-18,436
新竹縣政府,新竹縣私立臥虎藏龍文理短期補習班,465,,文理類,湖口鄉,2017-04-17,436
新竹縣政府,新竹縣私立程宇文理短期補習班,407,,文理類,湖口鄉,2014-08-14,436
新竹縣政府,新竹縣私立學勝文理短期補習班,519,,文理類,湖口鄉,2019-04-08,436
新竹縣政府,新竹縣私立傑文文理短期補習班,277,giraffe35065@yahoo.com.tw,文理類,湖口鄉,2010-03-23,436
新竹縣政府,私立頂尖美語會話短期補習班,12,,外語類,湖口鄉,1993-01-19,436
新竹縣政府,私立芝麻美語短期補習班,170,,外語類,湖口鄉,2006-09-01,436
新竹縣政府,新竹縣私立奧斯卡文理短期補習班,399,webber1216@hotmail.com,文理類,湖口鄉,2014-06-10,436
新竹縣政府,新竹縣私立教育家文理短期補習班,320,kiki168123@yahoo.com.tw,文理類,湖口鄉,2011-09-27,436
新竹縣政府,新竹縣私立育青文理短期補習班,367,tiner590320@gmail.com.tw,文理類,湖口鄉,2013-05-14,436
新竹縣政府,私立中央舞蹈短期補習班,23,,音樂、舞蹈類,湖口鄉,1995-08-12,436
新竹縣政府,新竹縣私立親親文理短期補習班,292,,文理類,湖口鄉,2010-08-26,436
新竹縣政府,新竹縣私立巧克力文理短期補習班,400,chocolatefamily704@gmail.com,文理類,湖口鄉,2014-06-12,436
新竹縣政府,私立凱瑟琳美語文理短期補習班,110,,外語類,湖口鄉,2004-05-31,436
新竹縣政府,新竹縣私立王浩文理短期補習班,536,n121tw@yahoo.com.tw,文理類,湖口鄉,2019-09-24,436
新竹縣政府,私立師嘉文理短期補習班,201,scho5999137@yahoo.com.tw,文理類,湖口鄉,2007-10-25,436
新竹縣政府,新竹縣私立雲開文理短期補習班,226,saneddra@gmail.com,文理類,湖口鄉,2008-08-27,436
新竹縣政府,新竹縣私立弘典文理短期補習班,373,,文理類,湖口鄉,2013-07-02,436
新竹縣政府,新竹縣私立名揚文理短期補習班 ,265,,文理類,湖口鄉,2010-01-13,436
新竹縣政府,私立葉老師美語短期補習班,200,,外語類,湖口鄉,2007-10-15,436
新竹縣政府,私立佳欣文理短期補習班,195,,文理類,湖口鄉,2007-08-17,436
新竹縣政府,私立艾倫英語短期補習班,124,,外語類,湖口鄉,2004-10-21,436
新竹縣政府,新竹縣私立宏潤文理短期補習班,572,,文理類,湖口鄉,2020-09-28,436
新竹縣政府,私立成功文理短期補習班,187,,文理類,湖口鄉,2007-04-13,436
新竹縣政府,新竹縣私立瑪奇朵文理短期補習班,475,,文理類,湖口鄉,2017-08-25,436
新竹縣政府,新竹縣私立波特文理短期補習班民族分班,495,kidcastle198@gmail.com,文理類,湖口鄉,2018-06-10,436
新竹縣政府,新竹縣私立曜群文理短期補習班,338,,文理類,湖口鄉,2012-06-08,436
新竹縣政府,新竹縣私立耶魯文理短期補習班,411,yale_sharon@yahoo.com.tw,文理類,湖口鄉,2014-11-07,436
新竹縣政府,新竹縣私立親兒園文理短期補習班,539,j263356@gmail.com,文理類,湖口鄉,2019-10-14,436
新竹縣政府,新竹縣私立臥虎藏熊文理短期補習班,595,,文理類,湖口鄉,2021-09-14,436
新竹縣政府,新竹縣私立登峰文理短期補習班,529,,文理類,湖口鄉,2019-06-26,436
新竹縣政府,新竹縣私立樂智文理短期補習班,513,,文理類,竹北市,2019-01-04,436
新竹縣政府,勁成文教事業有限公司附設新竹縣私立勁明文理短期補習班,503,ai168@meikoschool.com.tw,文理類,竹北市,2018-08-10,436
新竹縣政府,私立北辰文理短期補習班,19,,文理類,竹北市,1994-02-01,436
新竹縣政府,臺師菁英文教事業股份有限公司附設新竹縣私立臺師9號文理短期補習班,82,,文理類,竹北市,2002-07-31,436
新竹縣政府,新竹縣私立春天寫作教室語文短期補習班,334,,文理類,竹北市,2012-05-24,436
新竹縣政府,私立文賢文理短期補習班,234,,文理類,竹北市,2009-01-12,436
新竹縣政府,新竹縣私立放阿特文理技藝短期補習班,447,funart.studio2@msa.hinet.net,文理類,竹北市,2016-07-13,436
新竹縣政府,新竹縣私立儀正文理才藝短期補習班,31,yuhpin0224@yahoo.com.tw,商類：珠算、心算、會計,竹北市,1997-06-10,436
新竹縣政府,私立宏儒文理短期補習班,72,,文理類,竹北市,2002-02-19,436
新竹縣政府,臺師菁英文教事業股份有限公司附設新竹縣私立臺師1號文理短期補習班,74,,文理類,竹北市,2002-03-07,436
新竹縣政府,私立力弘文理短期補習班,53,leaon168@yahoo.com.tw,文理類,竹北市,2000-06-28,436
新竹縣政府,私立捷恩文理才藝短期補習班,228,jncs.home@msa.hinet.net,文理類,竹北市,2008-10-02,436
新竹縣政府,私立鴻浩文理短期補習班,158,dawning@ms48.hinet.net,文理類,竹北市,2006-01-19,436
新竹縣政府,新竹縣私立智冠文理短期補習班,558,,文理類,竹北市,2020-04-09,436
新竹縣政府,私立冠華文理短期補習班,32,,文理類,竹北市,1999-10-07,436
新竹縣政府,新竹縣私立佳育英語短期補習班,297,,外語類,竹北市,2010-10-12,436
新竹縣政府,新竹縣私立千蕎文理短期補習班,141,,文理類,竹北市,2005-08-29,436
新竹縣政府,私立欣和文理短期補習班,213,,文理類,竹北市,2008-04-23,436
新竹縣政府,新竹縣私立捷昇文理短期補習班,534,andy.yi.lun.tsai@gmail.com,文理類,竹北市,2019-08-30,436
新竹縣政府,私立竹慶語文短期補習班,125,hs1050@hess.com.tw,外語類,竹北市,2004-10-28,436
新竹縣政府,私立佳學英語短期補習班,173,,外語類,竹北市,2006-10-27,436
新竹縣政府,私立奪標文理短期補習班,238,,文理類,竹北市,2009-02-12,436
新竹縣政府,新竹縣私立學成文理短期補習班,304,,文理類,竹北市,2011-01-31,436
新竹縣政府,新竹縣私立救國團新竹團委會附設語文技藝短期補習班,154,hcctc@cyc.tw,文理類,竹北市,2005-11-18,436
新竹縣政府,私立常春藤美語文理短期補習班,80,,文理類,竹北市,2002-07-22,436
新竹縣政府,私立時代美語會話短期補習班,49,,外語類,竹北市,1999-06-08,436
新竹縣政府,私立科林美語短期補習班,52,m620226@yahoo.com.tw,外語類,竹北市,2000-04-11,436
新竹縣政府,私立加貝文理短期補習班,224,jiabeijx@gmail.com,文理類,竹北市,2008-08-27,436
新竹縣政府,私立羅浮文理短期補習班,239,,外語類,竹北市,2009-02-12,436
新竹縣政府,新竹縣私立句欣音樂短期補習班,543,ju16888809@yahoo.com.tw,音樂、舞蹈類,竹北市,2019-12-16,436
新竹縣政府,新竹縣私立奇力果美語短期補習班,264,,外語類,竹北市,2010-01-13,436
新竹縣政府,新竹縣私立惍明美語短期補習班,263,,外語類,竹北市,2010-01-13,436
新竹縣政府,湯貝爾英語短期補習班,45,,外語類,竹北市,1999-04-12,436
新竹縣政府,勁藺文教事業有限公司附設新竹縣私立勁藺文理短期補習班,587,,文理類,竹北市,2021-07-01,436
新竹縣政府,新竹縣私立英王文理短期補習班,477,,文理類,竹北市,2017-09-11,436
新竹縣政府,新竹縣私立舞藝學文創有限公司附設新竹縣私立舞藝學竹北技藝短期補習班,564,whoward1231@hotmail.com,音樂、舞蹈類,竹北市,2020-06-10,436
新竹縣政府,新竹縣私立三一文理短期補習班,225,trinity@31ontop.com,文理類,竹北市,2008-08-27,436
新竹縣政府,新竹縣私立康淇文理短期補習班,289,,文理類,竹北市,2010-07-22,436
新竹縣政府,新竹縣私立悠遊藝術文理技藝短期補習班,443,yoyo.art@msa.hinet.net,文理類,竹北市,2016-04-25,436
新竹縣政府,新竹縣私立愛數文理短期補習班,207,vito_linshop@yahoo.com,文理類,竹北市,2008-01-16,436
新竹縣政府,私立鴻韻音樂教室短期補習班,51,yamaha.hongyun@msa.hinet.net,音樂、舞蹈類,竹北市,2000-01-10,436
新竹縣政府,新竹縣私立聖安朵文理技藝短期補習班,83,,外語類,竹北市,2002-08-02,436
新竹縣政府,台灣拓人教育事業股份有限公司附設新竹縣私立拓人文理短期補習班,306,tact.170904@gmail.com,文理類,竹北市,2011-02-17,436
新竹縣政府,傑瑞星智能科技股份有限公司附設新竹縣私立愛麗音樂才藝短期補習班,341,,文理類,竹北市,2012-07-17,436
新竹縣政府,新竹縣私立哈柏露塔技藝文理短期補習班,64,,外語類,竹北市,2001-09-12,436
新竹縣政府,智基科技開發股份有限公司附設新竹縣私立志光法商文理短期補習班,329,,法政類,竹北市,2012-03-09,436
新竹縣政府,新竹縣私立絜廸畫室才藝短期補習班,618,,美術、書法、攝影、美工設計、圍棋類,竹北市,2022-06-15,436
新竹縣政府,新竹縣私立培迪美語短期補習班,54,paddy_kids@yahoo.com.tw,外語類,竹北市,2000-06-29,436
新竹縣政府,逸果文化事業股份有限公司附設新竹縣私立逸果美語文理短期補習班,442,olivia.lin@eagletw.com,外語類,竹北市,2016-03-15,436
新竹縣政府,新竹縣私立禾言文理技藝短期補習班,604,,文理類,竹北市,2021-12-16,436
新竹縣政府,維育文化有限公司附設新竹縣私立維育美語文理技藝短期補習班,437,,文理類,竹北市,2015-09-08,436
新竹縣政府,新竹縣私立惟閣文理短期補習班,408,potter102@hotmail.com,文理類,竹北市,2014-09-02,436
新竹縣政府,新竹縣私立好地美語文理短期補習班,448,,文理類,竹北市,2016-08-24,436
新竹縣政府,新竹縣私立菁采文理短期補習班,616,,文理類,竹北市,2022-06-02,436
新竹縣政府,新竹縣私立郭義科學教育文理短期補習班,598,,文理類,竹北市,2021-09-29,436
新竹縣政府,新竹縣私立米朵文理短期補習班,455,jh20161314@gmail.com,文理類,竹北市,2016-12-28,436
新竹縣政府,新竹縣私立喬艾文理短期補習班,550,elviraluenglish@gmail.com,外語類,竹北市,2020-03-04,436
新竹縣政府,新竹縣私立孩子王感統韻律舞蹈技藝短期補習班,575,moorelin.82g@g2.nctu.edu.tw,文理類,竹北市,2020-12-01,436
新竹縣政府,蘋果芽數位科技股份有限公司附設新竹縣私立橘子蘋果電腦文理短期補習班,603,,文理類,竹北市,2021-11-22,436
新竹縣政府,新竹縣私立森學院文理技藝短期補習班,591,,文理類,竹北市,2021-07-23,436
新竹縣政府,私立奧爾菲斯藝術短期補習班,191,,音樂、舞蹈類,竹北市,2007-07-03,436
新竹縣政府,新竹縣私立薇格文理短期補習班,145,,文理類,竹北市,2012-10-24,436
新竹縣政府,私立晨光文理短期補習班,248,,文理類,竹北市,2009-07-15,436
新竹縣政府,新竹縣私立瑞堯美語短期補習班,273,halogiraffesh@gmail.com,文理類,竹北市,2010-03-08,436
新竹縣政府,新竹縣私立開心文理短期補習班,557,,文理類,竹北市,2020-04-09,436
新竹縣政府,新竹縣私立楊真文理短期補習班十興分班,189,,文理類,竹北市,2007-05-11,436
新竹縣政府,新竹縣私立嘉興文理短期補習班,309,,文理類,竹北市,2011-03-10,436
新竹縣政府,新竹縣私立諾亞文理短期補習班 ,530,,文理類,竹北市,2019-08-06,436
新竹縣政府,新竹縣私立艾莉娜短期補習班,417,,文理類,竹北市,2015-01-13,436
新竹縣政府,新竹縣私立名人縱橫圍棋短期補習班,256,,美術、書法、攝影、美工設計、圍棋類,竹北市,2009-10-09,436
新竹縣政府,新竹縣私立岱岢文理短期補習班,622,ckw919@gmail.com,文理類,竹北市,2022-07-06,436
新竹縣政府,新竹縣私立凡斯美語文理短期補習班,326,,外語類,竹北市,2011-12-30,436
新竹縣政府,新竹縣私立立成短期補習班,430,,文理類,竹北市,2015-07-30,436
新竹縣政府,新竹縣私立冠文文理短期補習班,327,,文理類,竹北市,2012-01-03,436
新竹縣政府,新竹縣私立小原田音樂才藝短期補習班,554,,音樂、舞蹈類,竹北市,2020-04-08,436
新竹縣政府,萊恩文化事業股份有限公司附設新竹縣私立萊恩文理短期補習班,219,,文理類,竹北市,2008-06-30,436
新竹縣政府,新竹縣私立詠齡文理技藝短期補習班,568,,文理類,竹北市,2020-08-06,436
新竹縣政府,新竹縣私立禾芸教育文理短期補習班,508,jennifer010233@yahoo.com.tw,文理類,竹北市,2018-10-26,436
新竹縣政府,爾思有限公司附設新竹縣私立爾思文理短期補習班,523,,外語類,竹北市,2019-04-17,436
新竹縣政府,新竹縣私立康寧安興文理才藝短期補習班,457,peter.lin@kangning.com.tw,文理類,竹北市,2017-01-03,436
新竹縣政府,新竹縣私立捷登技藝短期補習班,517,,商類：珠算、心算、會計,竹北市,2019-03-20,436
新竹縣政府,新竹縣私立芯學淵文理短期補習班,478,,文理類,竹北市,2017-09-12,436
新竹縣政府,新竹縣私立安䕟文理美語短期補習班,586,asn193193@gmail.com,文理類,竹北市,2021-05-21,436
新竹縣政府,新竹縣私立掄宇文理短期補習班,555,,文理類,竹北市,2020-04-08,436
新竹縣政府,新竹縣私立艾葳教育文理短期補習班,566,rabbit188@gmail.com,文理類,竹北市,2020-06-29,436
新竹縣政府,新竹縣私立千虹文理技藝短期補習班,565,,文理類,竹北市,2020-06-11,436
新竹縣政府,新竹縣私立達文西文理短期補習班,553,myydin@yahoo.com.tw,文理類,竹北市,2020-03-31,436
新竹縣政府,新竹縣私立星辰藝術短期補習班,505,violin_0409@hotmail.com,音樂、舞蹈類,竹北市,2018-09-26,436
新竹縣政府,史丹佛文教事業股份有限公司附設新竹縣私立史丹佛文理短期補習班,540,,文理類,竹北市,2019-10-14,436
新竹縣政府,新竹縣私立文曜文理短期補習班,593,,文理類,竹北市,2021-09-14,436
新竹縣政府,新竹縣私立靖洋文理短期補習班,502,eileen.abcd@gmail.com,文理類,竹北市,2018-08-10,436
新竹縣政府,新竹縣私立夏可文理短期補習班,588,anxing@sesamevillage.tw,文理類,竹北市,2021-07-01,436
新竹縣政府,新竹縣私立定沛文理技藝短期補習班,620,chingyang5500249@gmail.com,文理類,竹北市,2022-05-24,436
新竹縣政府,弋果文化事業股份有限公司附設新竹縣私立益果文理短期補習班,600,olivia.lin@eagletw.com,文理類,竹北市,2021-11-05,436
新竹縣政府,新竹縣私立育安文理短期補習班,613,,文理類,竹北市,2022-04-28,436
新竹縣政府,私立沛騰美語短期補習班,212,pfenglish3636@gmail.com,外語類,竹北市,2008-04-16,436
新竹縣政府,新竹縣私立茱莉亞文理才藝短期補習班,366,ttmusickg@yahoo.com.tw,文理類,竹北市,2013-05-08,436
新竹縣政府,私立萬朵蘭英語學園短期補習班,102,,外語類,竹北市,2003-12-17,436
新竹縣政府,新竹縣私立安妮卡文理短期補習班,500,,文理類,竹北市,2018-07-26,436
新竹縣政府,新竹縣私立桐心園文理才藝短期補習班,388,,文理類,竹北市,2013-12-16,436
新竹縣政府,新竹縣私立英翰文理短期補習班,499,,文理類,竹北市,2018-07-07,436
新竹縣政府,新竹縣私立阿布探索教室文理才藝短期補習班,394,buddha784533@hotmail.com,文理類,竹北市,2014-04-07,436
新竹縣政府,新竹縣私立綠光科學教室文理短期補習班,563,,文理類,竹北市,2020-06-08,436
新竹縣政府,新竹縣私立敲敲美語短期補習班,511,,外語類,竹北市,2018-11-30,436
新竹縣政府,新竹縣私立光與言文理短期補習班,460,,文理類,竹北市,2017-02-17,436
新竹縣政府,新竹縣私立JF太鼓技藝短期補習班,532,jftaiko2018@gmail.com,音樂、舞蹈類,竹北市,2019-08-21,436
新竹縣政府,愛思可樂教育事業股份有限公司附設新竹縣私立樂研數理實作教育文理短期補習班,467,,文理類,竹北市,2017-05-17,436
新竹縣政府,新竹縣私立欣法文理短期補習班,521,zbcrown2020@gmail.com,文理類,竹北市,2019-04-09,436
新竹縣政府,新竹縣私立聚人畫室技藝短期補習班,592,,文理類,竹北市,2021-08-06,436
新竹縣政府,新竹縣私立艾菲兒文理才藝短期補習班,336,,文理類,竹北市,2012-06-14,436
新竹縣政府,新竹縣私立六佳英語短期補習班,559,,外語類,竹北市,2020-04-13,436
新竹縣政府,新竹縣私立育澤文理短期補習班,583,,文理類,竹北市,2021-04-19,436
新竹縣政府,新竹縣私立弘國文理短期補習班,311,,文理類,竹北市,2011-04-26,436
新竹縣政府,新竹縣私立樂學教育館文理短期補習班,459,,文理類,竹北市,2017-01-23,436
新竹縣政府,新竹縣私立英語花園文理短期補習班,415,,文理類,竹北市,2014-12-01,436
新竹縣政府,新竹縣私立良木文理短期補習班,611,,文理類,竹北市,2022-04-13,436
新竹縣政府,巨瀚教育事業股份有限公司附設新竹縣私立育德文理短期補習班,527,,文理類,竹北市,2019-06-20,436
新竹縣政府,新竹縣私立濰震文理短期補習班,612,,文理類,竹北市,2022-04-28,436
新竹縣政府,維宥文化有限公司附設新竹縣私立維宥文理技藝短期補習班,590,,文理類,竹北市,2021-07-07,436
新竹縣政府,新竹縣私立家豐文理技藝短期補習班,608,,文理類,竹北市,2022-01-24,436
新竹縣政府,極上教育諮詢股份有限公司附設新竹縣私立極上塾東興文理短期補習班,481,pearlhung8@gmail.com,文理類,竹北市,2017-10-16,436
新竹縣政府,新竹縣私立余老師文理短期補習班,466,,文理類,竹北市,2017-05-12,436
新竹縣政府,新竹縣私立路易文理短期補習班,349,,文理類,竹北市,2012-09-10,436
新竹縣政府,新竹縣私立美英文理短期補習班,602,,文理類,竹北市,2021-11-15,436
新竹縣政府,新竹縣私立卓越文理短期補習班新社分班,531,,文理類,竹北市,2019-08-02,436
新竹縣政府,新竹縣私立瀚鐸文理短期補習班,552,,文理類,竹北市,2020-03-31,436
新竹縣政府,鈦登智慧科技有限公司附設新竹縣私立鈦登技藝短期補習班,606,,其他類,竹北市,2022-01-11,436
新竹縣政府,新竹縣私立王牌文理短期補習班,323,,文理類,竹北市,2011-10-20,436
新竹縣政府,翻轉文化有限公司附設新竹縣私立呵呵美語文理短期補習班,621,,外語類,竹北市,2022-06-22,436
新竹縣政府,新竹縣私立悅讀文理短期補習班,419,lovereading.education@gmail.com,文理類,竹北市,2015-02-06,436
新竹縣政府,新竹縣私立昇格文理短期補習班,515,,文理類,竹北市,2019-02-18,436
新竹縣政府,新竹縣私立勵學成功文理短期補習班,375,bhway99@yahoo.com.tw,文理類,竹北市,2013-07-22,436
新竹縣政府,新竹縣私立聰明的蘋果文理短期補習班,574,bearyy82@gmail.com,文理類,竹北市,2020-11-20,436
新竹縣政府,新竹縣私立放藝術兒童美術短期補習班,424,,美術、書法、攝影、美工設計、圍棋類,竹北市,2015-05-28,436
新竹縣政府,極上教育諮詢股份有限公司附設新竹縣私立極上塾成功文理短期補習班,567,pearlhung8@gmail.com,文理類,竹北市,2020-07-23,436
新竹縣政府,興隆文化事業股份有限公司附設新竹縣私立萊恩學習教育館文理才藝短期補習班,431,,文理類,竹北市,2015-08-18,436
新竹縣政府,新竹縣私立致億文教文理短期補習班,597,,文理類,竹北市,2021-09-29,436
新竹縣政府,新竹縣私立橋莉美語會話短期補習班,343,,外語類,竹北市,2012-07-26,436
新竹縣政府,新竹縣私立文言文文理短期補習班,594,wenyanwen666@gmail.com,文理類,竹北市,2021-09-14,436
新竹縣政府,新竹縣私立向陽學習教育館文理短期補習班,398,,文理類,竹北市,2014-05-22,436
新竹縣政府,新竹縣私立鳴謙仁愛文理短期補習班,370,bhway99@yahoo.com.tw,文理類,竹北市,2013-05-29,436
新竹縣政府,新竹縣私立向晴文理短期補習班,396,,文理類,竹北市,2014-05-22,436
新竹縣政府,新竹縣私立快樂轉圈圈技藝短期補習班,520,,美術、書法、攝影、美工設計、圍棋類,竹北市,2019-04-09,436
新竹縣政府,新竹縣私立葉子畫室才藝短期補習班,576,mapart@gmail.com,美術、書法、攝影、美工設計、圍棋類,竹北市,2021-01-08,436
新竹縣政府,新竹縣私立竹仁棋院技藝短期補習班,599,b881503088@yahoo.com.tw,其他類,竹北市,2021-10-15,436
新竹縣政府,新竹縣私立安妮文理短期補習班,562,,文理類,竹北市,2020-06-02,436
新竹縣政府,私立鼓動音樂短期補習班,220,,音樂、舞蹈類,竹北市,2008-07-08,436
新竹縣政府,新竹縣私立小種子文理短期補習班,619,,文理類,竹北市,2022-06-16,436
新竹縣政府,雲門國際事業股份有限公司附設新竹縣私立竹北舞蹈短期補習班,510,service_cgds@cgds.com.tw,音樂、舞蹈類,竹北市,2018-11-29,436
新竹縣政府,道禾三代塾教育文化事業股份有限公司附設新竹縣私立道禾三代塾文理技藝短期補習班,509,nw.awensin@gmail.com,文理類,竹北市,2018-11-12,436
新竹縣政府,新竹縣私立莉蒂亞文理才藝短期補習班,403,,文理類,竹北市,2014-07-08,436
新竹縣政府,新竹縣私立童語語文短期補習班,364,,外語類,竹北市,2013-05-01,436
新竹縣政府,新竹縣私立知青文理短期補習班,497,,文理類,竹北市,2018-06-04,436
新竹縣政府,新竹縣私立加利利音樂短期補習班,425,,音樂、舞蹈類,竹北市,2015-06-25,436
新竹縣政府,新竹縣私立伊德文理短期補習班,161,jade5506555@gmail.com,文理類,竹北市,2006-06-14,436
新竹縣政府,睿勝貿易有限公司附設新竹縣私立哇寶STEAM教育科學文理短期補習班,489,elly.tsai@tcpi-tw.com,文理類,竹北市,2018-03-02,436
新竹縣政府,新竹縣私立日光城堡文理短期補習班,488,,文理類,竹北市,2018-02-27,436
新竹縣政府,新竹縣私立創智積木園地技藝短期補習班,445,robinsay1221@gmail.com,其他類,竹北市,2016-04-26,436
新竹縣政府,皇家棋藝有限公司附設新竹縣私立皇家西洋棋技藝短期補習班,472,eejryang@gmail.com,美術、書法、攝影、美工設計、圍棋類,竹北市,2017-07-18,436
新竹縣政府,私立豐東文理〈竹北分班〉短期補習班,216,,文理類,竹北市,2008-04-24,436
新竹縣政府,新竹縣私立竹林私塾文理短期補習班,528,,文理類,竹北市,2019-06-20,436
新竹縣政府,新竹縣私立方舟文理短期補習班,580,,文理類,竹北市,2021-02-23,436
新竹縣政府,新竹縣私立賽斯文理短期補習班,507,rheia10@gmail.com,文理類,竹北市,2018-10-03,436
新竹縣政府,新竹縣私立資優文理短期補習班,4,,外語類,竹北市,1985-11-27,436
新竹縣政府,新竹縣私立金名文理短期補習班,317,jingming28@gmail.com,文理類,竹北市,2011-06-28,436
新竹縣政府,極上教育諮詢股份有限公司附設新竹縣私立東拓文理短期補習班,549,pearlhung8@gmail.com,文理類,竹北市,2020-02-18,436
新竹縣政府,新竹縣私立學言文理短期補習班,355,kaotieh.hc@eagletw.com,文理類,竹北市,2012-11-15,436
新竹縣政府,新竹縣私立御賢文理短期補習班,471,forever0524@hotmail.com,文理類,竹北市,2017-06-28,436
新竹縣政府,新竹縣私立惠歆音樂社才藝短期補習班,561,,音樂、舞蹈類,竹北市,2020-05-04,436
新竹縣政府,新竹縣私立曉學堂文理短期補習班,493,,文理類,竹北市,2018-03-29,436
新竹縣政府,新竹縣私立知欣文理短期補習班,282,,文理類,竹北市,2010-06-09,436
新竹縣政府,新竹縣私立築鑫教育文理短期補習班,584,topmario0908@gmail.com,文理類,竹北市,2021-05-07,436
新竹縣政府,部落森數位文創有限公司附設新竹縣私立部落森文理短期補習班,473,,文理類,竹北市,2017-07-19,436
新竹縣政府,新竹縣私立麥田文理短期補習班,482,,文理類,竹北市,2017-11-01,436
新竹縣政府,新竹縣私立普力文美語文理短期補習班,359,,文理類,竹北市,2013-01-17,436
新竹縣政府,新竹縣私立威士登美語短期補習班,353,solon@wisetwn.com,外語類,竹北市,2012-10-31,436
新竹縣政府,星研國際有限公司附設新竹縣私立星苗國際美語短期補習班,512,maggie_star@korrnell.com.tw,外語類,竹北市,2018-12-28,436
新竹縣政府,新竹縣私立陸比音樂短期補習班,454,lubymusic@hotmail.com,音樂、舞蹈類,竹北市,2016-12-16,436
新竹縣政府,新竹縣私立愛林文理短期補習班,464,,文理類,竹北市,2017-04-17,436
新竹縣政府,私立百世教育科技股份有限公司附設新竹縣私立百世技藝文理短期補習班東興分班短期補習班,601,,文理類,竹北市,2021-11-15,436
新竹縣政府,私立高仕電腦短期補習班,48,goes1999@yahoo.com.tw,資訊類,竹北市,1999-05-13,436
新竹縣政府,北美國際文教股份有限公司附設新竹縣私立北美語文文理短期補習班,581,,文理類,竹北市,2021-03-08,436
新竹縣政府,新竹縣私立你最棒韻律舞蹈短期補習班,314,,音樂、舞蹈類,竹北市,2011-06-28,436
新竹縣政府,新竹縣私立麻吉小學堂文理才藝短期補習班,313,,文理類,竹北市,2011-06-22,436
新竹縣政府,新竹縣私立劭傑文理技藝短期補習班,345,,音樂、舞蹈類,竹北市,2012-07-27,436
新竹縣政府,新竹縣私立弋果文理短期補習班,144,,文理類,竹北市,2005-10-14,436
新竹縣政府,新竹縣私立華聖頓文理短期補習班,96,ny.chupei@gmail.com,外語類,竹北市,2003-07-25,436
新竹縣政府,新竹縣私立北聯文教文理短期補習班,183,,文理類,竹北市,2007-03-27,436
新竹縣政府,私立範勳文理短期補習班,27,,文理類,竹北市,1996-07-23,436
新竹縣政府,新竹縣私立梁弘文教文理短期補習班,284,,文理類,竹北市,2010-06-25,436
新竹縣政府,新竹縣私立陳老師文理短期補習班,267,,文理類,竹北市,2010-01-15,436
新竹縣政府,新竹縣私立聯合文理短期補習班,350,,文理類,竹北市,2012-09-27,436
新竹縣政府,新竹縣私立楊格教育文理短期補習班,474,youngermath888@gmail.com,文理類,竹北市,2017-08-16,436
新竹縣政府,新竹縣私立凱荻文理短期補習班,494,wo610302@yahoo.com.tw,文理類,竹北市,2018-03-29,436
新竹縣政府,新竹縣私立藝向技藝短期補習班,551,,美術、書法、攝影、美工設計、圍棋類,竹北市,2020-03-10,436
新竹縣政府,新竹縣私立麗軒音樂短期補習班,416,,音樂、舞蹈類,竹北市,2014-12-30,436
新竹縣政府,新竹縣私立奇玉美語文理短期補習班,476,,文理類,竹北市,2017-09-01,436
新竹縣政府,新竹縣私立菲翌術文理技藝短期補習班,449,,文理類,竹北市,2016-08-24,436
新竹縣政府,新竹縣私立知識家文理短期補習班,414,,文理類,竹北市,2014-11-18,436
新竹縣政府,新竹縣私立康寧興隆文理才藝短期補習班,452,,文理類,竹北市,2016-10-14,436
新竹縣政府,新竹縣私立德晉文理短期補習班,438,dejinschool@gmail.com,文理類,竹北市,2015-11-25,436
新竹縣政府,私立英皇語文短期補習班,249,hc3.shane@gmail.com,外語類,竹北市,2009-08-05,436
新竹縣政府,私立掄元文理短期補習班,185,geruby1111@gmail.com,文理類,竹北市,2007-04-03,436
新竹縣政府,新竹縣私立南瓜田外語文理短期補習班,596,,外語類,竹北市,2021-09-28,436
新竹縣政府,新竹縣私立探索文理短期補習班,573,,文理類,竹北市,2020-10-23,436
新竹縣政府,新竹縣私立靜川日語短期補習班,177,nihongo@sizugawa.com.tw,外語類,竹北市,2006-11-22,436
新竹縣政府,新竹縣私立小博士科學才藝文理短期補習班,237,,文理類,竹北市,2018-05-01,436
新竹縣政府,新竹縣私立晟峰文教文理短期補習班,582,success@summiting.com.tw,文理類,竹北市,2021-03-31,436
新竹縣政府,新竹縣私立采詩集閱讀寫作學苑文理短期補習班,404,cherrychaosy@gmail.com,文理類,竹北市,2014-07-08,436
新竹縣政府,新竹縣私立劉澔數學文理短期補習班,446,,文理類,竹北市,2016-06-20,436
新竹縣政府,新竹縣私立卓越文理短期補習班,305,,文理類,竹北市,2011-02-17,436
新竹縣政府,私立百奕文理短期補習班,204,,文理類,竹北市,2008-01-04,436
新竹縣政府,新竹縣私立理想藝室技藝短期補習班,623,,美術、書法、攝影、美工設計、圍棋類,竹北市,2022-07-19,436
新竹縣政府,新竹縣私立畢兒堡文理才藝短期補習班,432,a0928104571@gmail.com,文理類,竹北市,2015-08-18,436
新竹縣政府,財團法人人本教育文教基金會附設新竹縣私立數學想想國文理短期補習班,409,,文理類,竹北市,2014-10-01,436
新竹縣政府,新竹縣私立藝家北畫社文理技藝短期補習班,524,littlesweet122@yahoo.com.tw,文理類,竹北市,2019-05-28,436
新竹縣政府,新竹縣私立趙老師書法教室技藝短期補習班,514,,美術、書法、攝影、美工設計、圍棋類,竹北市,2019-01-11,436
新竹縣政府,新竹縣私立華興美語短期補習班,294,,外語類,竹北市,2010-09-16,436
新竹縣政府,新竹縣私立升傑文理短期補習班,541,,文理類,竹北市,2019-10-14,436
新竹縣政府,新竹縣私立一心音樂舞蹈短期補習班,280,,音樂、舞蹈類,竹北市,2010-04-30,436
新竹縣政府,私立學文文理短期補習班,214,tomuncle123@yahoo.com.tw,文理類,竹北市,2008-04-22,436
新竹縣政府,私立弘亞文理短期補習班,179,,文理類,竹北市,2007-02-08,436
新竹縣政府,新竹縣私立欣倫文理短期補習班,332,fun530725@gmail.com,文理類,竹北市,2012-05-14,436
新竹縣政府,翻轉文化有限公司附設新竹縣私立翻轉美語短期補習班,542,flip.over.english@gmail.com,外語類,竹北市,2019-10-24,436
新竹縣政府,新竹縣私立伊凡美語短期補習班,487,,外語類,竹北市,2017-12-30,436
新竹縣政府,新竹縣私立哲人文理短期補習班,491,,文理類,竹北市,2018-03-13,436
新竹縣政府,新竹縣私立皇墨藝技藝短期補習班,609,,美術、書法、攝影、美工設計、圍棋類,竹北市,2022-01-26,436
新竹縣政府,新竹縣私立傳騏文理短期補習班,421,,文理類,竹北市,2015-04-20,436
新竹縣政府,新竹縣私立勤益文理短期補習班,423,,文理類,竹北市,2015-05-07,436
新竹縣政府,私立傑晟文理短期補習班,152,a5993500@yahoo.com.tw,文理類,竹東鎮,2005-12-28,436
新竹縣政府,新竹縣私立丹佛文理短期補習班,296,,文理類,竹東鎮,2010-10-11,436
新竹縣政府,私立米勒文理短期補習班,223,,文理類,竹東鎮,2008-08-13,436
新竹縣政府,私立學益文理短期補習班,203,kuandayu@gmail.com,文理類,竹東鎮,2007-12-12,436
新竹縣政府,富錦文教股份有限公司附設新竹縣私立富錦文理短期補習班,556,,文理類,竹東鎮,2020-04-09,436
新竹縣政府,私立牛頓美語會話短期補習班,109,huiminlo@gmail.com,外語類,竹東鎮,2004-03-30,436
新竹縣政府,私立上林語文短期補習班,35,,外語類,竹東鎮,1997-12-05,436
新竹縣政府,私立佳佳文理短期補習班,174,ltk336@gmail.com,文理類,竹東鎮,2006-11-21,436
新竹縣政府,新竹縣私立康寧二重文理才藝短期補習班,462,knes@kangning.com.tw,文理類,竹東鎮,2017-03-10,436
新竹縣政府,新竹縣私立鄧哲文理短期補習班,444,,文理類,竹東鎮,2016-04-26,436
新竹縣政府,新竹縣私立康寧中興文理才藝短期補習班,115,,外語類,竹東鎮,2004-07-20,436
新竹縣政府,新竹縣私立澄果文理短期補習班,569,,文理類,竹東鎮,2020-09-03,436
新竹縣政府,私立文翰文理短期補習班,113,,文理類,竹東鎮,2004-07-16,436
新竹縣政府,私立大山文理短期補習班,180,,文理類,竹東鎮,2007-02-08,436
新竹縣政府,私立雨果美語短期補習班,86,,外語類,竹東鎮,2002-08-26,436
新竹縣政府,私立科建美語短期補習班,118,,外語類,竹東鎮,2004-08-25,436
新竹縣政府,私立高師文理短期補習班,211,,文理類,竹東鎮,2008-04-14,436
新竹縣政府,新竹縣私立Sunny向日葵文理短期補習班,324,young6727@yahoo.com.tw,文理類,竹東鎮,2011-11-23,436
新竹縣政府,私立綠拇指美語珠心算短期補習班,112,,外語類,竹東鎮,2004-07-02,436
新竹縣政府,新竹縣私立易成文理短期補習班,347,ichen29@yahoo.com.tw,文理類,竹東鎮,2012-08-10,436
新竹縣政府,私立Monica美語短期補習班,88,,外語類,竹東鎮,2002-09-03,436
新竹縣政府,新竹縣私立康寧竹東文理才藝短期補習班,6,alex.wen@kangning.com.tw,外語類,竹東鎮,1986-07-14,436
新竹縣政府,私立和江文理短期補習班,202,anita998710@yahoo.com.tw,文理類,竹東鎮,2007-11-27,436
新竹縣政府,私立米妮美語會話短期補習班,90,,外語類,竹東鎮,2002-10-28,436
新竹縣政府,新竹縣私立向上文理短期補習班,470,,文理類,竹東鎮,2017-06-02,436
新竹縣政府,新竹縣私立揚睿多元文理短期補習班,504,yeh88@livemail.tw,文理類,竹東鎮,2018-09-11,436
新竹縣政府,私立小貝爾美語會話短期補習班,85,,外語類,竹東鎮,2002-08-26,436
新竹縣政府,私立珍妮佛文理短期補習班,209,,文理類,竹東鎮,2008-04-07,436
新竹縣政府,私立自強文理短期補習班,1,,文理類,竹東鎮,1963-12-10,436
新竹縣政府,私立凱斯美語會話短期補習班,150,,外語類,竹東鎮,2005-11-21,436
新竹縣政府,新竹縣私立喜樂英語短期補習班,259,,外語類,竹東鎮,2009-12-04,436
新竹縣政府,新竹縣私立博宸文理技藝短期補習班,614,,文理類,竹東鎮,2022-04-28,436
新竹縣政府,私立韓老師文理短期補習班,247,mhz2000@gmail.com,文理類,竹東鎮,2009-07-15,436
新竹縣政府,新竹縣私立柏森文理短期補習班,360,,文理類,竹東鎮,2013-02-06,436
新竹縣政府,新竹縣私立新創造文理短期補習班,516,,文理類,竹東鎮,2019-03-07,436
新竹縣政府,新竹縣私立哥德文理短期補習班,422,,文理類,竹東鎮,2015-05-06,436
新竹縣政府,私立學群文理短期補習班,242, kc.chutung@msa.hinet.net,文理類,竹東鎮,2009-04-02,436
新竹縣政府,私立崋新文理短期補習班,194,,文理類,竹東鎮,2007-08-07,436
新竹縣政府,私立法老師文理短期補習班,103,ruqu66@gmail.com,文理類,竹東鎮,2004-01-14,436
新竹縣政府,新竹縣私立尖端文理才藝短期補習班,94,,外語類,竹東鎮,2003-05-13,436
新竹縣政府,私立傅老師美語教學中心短期補習班,65,,外語類,竹東鎮,2001-09-28,436
新竹縣政府,新竹縣私立華盛頓文理短期補習班,522,Karen693084@gmail.com,文理類,竹東鎮,2019-04-15,436
新竹縣政府,私立蘇老師文理短期補習班,101,phch.tea@msa.hinet.net,文理類,竹東鎮,2003-12-16,436
新竹縣政府,新竹縣私立哥倫比亞文理短期補習班,413,daton.hc@eagletw.com,文理類,竹東鎮,2014-11-18,436
新竹縣政府,新竹縣私立茉立斯文理短期補習班,579,,文理類,竹東鎮,2021-02-02,436
新竹縣政府,新竹縣私立小花文理短期補習班,501,,文理類,竹東鎮,2018-08-01,436
新竹縣政府,私立傑得文理短期補習班,230,,文理類,竹東鎮,2008-10-01,436
新竹縣政府,新竹縣私立益程文理短期補習班,535,,文理類,竹東鎮,2019-09-09,436
新竹縣政府,新竹縣私立寰宇文理短期補習班,339,sonice1979@yahoo.com.tw,文理類,竹東鎮,2012-06-28,436
新竹縣政府,新竹縣私立育田美語文理短期補習班,365,,文理類,竹東鎮,2013-05-09,436
新竹縣政府,新竹縣私立程品文理短期補習班,428,j5961888@gmail.com,文理類,竹東鎮,2015-07-29,436
新竹縣政府,新竹縣私立亞瑟王文理短期補習班,61,,外語類,竹東鎮,2001-03-15,436
新竹縣政府,新竹縣私立育昇文理短期補習班,496,,文理類,竹東鎮,2018-06-04,436
新竹縣政府,新竹縣私立源興文理短期補習班,589,,文理類,芎林鄉,2021-07-07,436
新竹縣政府,私立鉅林文理短期補習班,167,g5120033@yahoo.com.tw,文理類,芎林鄉,2006-07-19,436
新竹縣政府,私立文林文理短期補習班,15,,文理類,芎林鄉,1993-06-19,436
新竹縣政府,新竹縣私立吉米英語文理短期補習班,453,jimmyrich021@gmail.com,文理類,芎林鄉,2016-10-27,436
新竹縣政府,私立冠希美語會話短期補習班,123,,外語類,芎林鄉,2004-10-18,436
新竹縣政府,私立中興文理短期補習班,188,,文理類,關西鎮,2007-04-26,436
新竹縣政府,新竹縣私立立人文理短期補習班,269,windwogi@hotmail.com,文理類,關西鎮,2010-01-25,436
新竹縣政府,新竹縣私立上恩文理短期補習班,571,,文理類,關西鎮,2020-09-18,436
新竹縣政府,新竹縣私立文星文理短期補習班,236,,外語類,關西鎮,2009-01-14,436
新竹縣政府,新竹縣私立力成文理短期補習班,340,,文理類,關西鎮,2012-07-17,436
新竹縣政府,新竹縣私立約拿美語短期補習班,290,,外語類,關西鎮,2010-08-05,436
新竹縣政府,新竹縣私立冠弘文理短期補習班,315,,文理類,關西鎮,2011-06-28,436